title,number,year,auther,experiment,NPs_type,Method,Crop,NPs_size,Size_class,Concentration,Concentration_class,Performance_class,Performance,n1,mean1,sd1,n2,mean2,sd2,lnRR,vi,Condition,pct_change,study_id,Stress_type,Stress_class
Seed nano-priming with Zinc Oxide nanoparticles in rice mitigates drought and enhances agronomic profile,1,2022,"Mazhar, Muhammad Waqas",Pot,Zn,Seed,Rice,30.0,class A,5.0,ClassA,thousands grams,Yield,3,18.12334656,0.974348073,3,18.18239796,0.885770975,0.003253009,0.00175453,Stress,0.3258305775706072,1,Drought,Abiotic
Seed nano-priming with Zinc Oxide nanoparticles in rice mitigates drought and enhances agronomic profile,1,2022,"Mazhar, Muhammad Waqas",Pot,Zn,Seed,Rice,30.0,class A,10.0,ClassA,thousands grams,Yield,3,18.12334656,0.974348073,3,19.12722033,0.885770975,0.053911496,0.001678307,Stress,5.539119167951223,1,Drought,Abiotic
Seed nano-priming with Zinc Oxide nanoparticles in rice mitigates drought and enhances agronomic profile,1,2022,"Mazhar, Muhammad Waqas",Pot,Zn,Seed,Rice,30.0,class A,15.0,ClassA,thousands grams,Yield,3,18.12334656,0.974348073,3,19.83583711,0.841482426,0.090289284,0.001563337,Stress,9.449085660622746,1,Drought,Abiotic
Seed nano-priming with Zinc Oxide nanoparticles in rice mitigates drought and enhances agronomic profile,1,2022,"Mazhar, Muhammad Waqas",Pot,Zn,Seed,Rice,30.0,class A,25.0,ClassB,thousands grams,Yield,3,18.12334656,0.974348073,3,21.84358466,0.885770975,0.186706298,0.00151157,Stress,20.527324189918673,1,Drought,Abiotic
Seed nano-priming with Zinc Oxide nanoparticles in rice mitigates drought and enhances agronomic profile,1,2022,"Mazhar, Muhammad Waqas",Pot,Zn,Seed,Rice,30.0,class A,50.0,ClassC,thousands grams,Yield,3,18.12334656,0.974348073,3,20.92828798,1.06292517,0.143900763,0.00182329,Stress,15.476950697708691,1,Drought,Abiotic
Seed nano-priming with Zinc Oxide nanoparticles in rice mitigates drought and enhances agronomic profile,1,2022,"Mazhar, Muhammad Waqas",Pot,Zn,Seed,Rice,30.0,class A,5.0,ClassA,grain yield/plant,Yield,3,24.14096916,1.233480176,3,24.84581498,1.321585903,0.028778965,0.001813341,Stress,2.9197080755064775,1,Drought,Abiotic
Seed nano-priming with Zinc Oxide nanoparticles in rice mitigates drought and enhances agronomic profile,1,2022,"Mazhar, Muhammad Waqas",Pot,Zn,Seed,Rice,30.0,class A,10.0,ClassA,grain yield/plant,Yield,3,24.14096916,1.233480176,3,25.72687225,1.233480176,0.063625696,0.001636477,Stress,6.5693430784592,1,Drought,Abiotic
Seed nano-priming with Zinc Oxide nanoparticles in rice mitigates drought and enhances agronomic profile,1,2022,"Mazhar, Muhammad Waqas",Pot,Zn,Seed,Rice,30.0,class A,15.0,ClassA,grain yield/plant,Yield,3,24.14096916,1.233480176,3,27.57709251,1.189427313,0.133075084,0.001490323,Stress,14.233576624962785,1,Drought,Abiotic
Seed nano-priming with Zinc Oxide nanoparticles in rice mitigates drought and enhances agronomic profile,1,2022,"Mazhar, Muhammad Waqas",Pot,Zn,Seed,Rice,30.0,class A,25.0,ClassB,grain yield/plant,Yield,3,24.14096916,1.233480176,3,28.78120411,1.27753304,0.175812177,0.001526987,Stress,19.221411238896714,1,Drought,Abiotic
Seed nano-priming with Zinc Oxide nanoparticles in rice mitigates drought and enhances agronomic profile,1,2022,"Mazhar, Muhammad Waqas",Pot,Zn,Seed,Rice,30.0,class A,50.0,ClassC,grain yield/plant,Yield,3,24.14096916,1.233480176,3,28.83994126,1.233480176,0.177850913,0.001479983,Stress,19.46472015901255,1,Drought,Abiotic
Engineered zinc oxide nanoparticles: an alternative to conventional zinc sulphate in neutral and alkaline soils for sustainable wheat production,2,2021,"Singh, K",Field,Zn,Seed,Wheat,65.0,class C,100.0,ClassD,grain yield/plant,Yield,3,1.234042553,0.029787234,3,1.321276596,0.055319149,0.068302979,0.000778522,Stress,7.0689655822307795,2,Alkaline_soils,Abiotic
Engineered zinc oxide nanoparticles: an alternative to conventional zinc sulphate in neutral and alkaline soils for sustainable wheat production,2,2021,"Singh, K",Field,Zn,Seed,Wheat,65.0,class C,200.0,ClassD,grain yield/plant,Yield,3,1.234042553,0.029787234,3,1.272340426,0.040425532,0.030562651,0.000530712,Stress,3.103448336675907,2,Alkaline_soils,Abiotic
Engineered zinc oxide nanoparticles: an alternative to conventional zinc sulphate in neutral and alkaline soils for sustainable wheat production,2,2021,"Singh, K",Field,Zn,Seed,Wheat,65.0,class C,100.0,ClassD,grain yield/plant,Yield,3,1.081196581,0.085470085,3,1.104700855,0.055555556,0.021506206,0.002926073,Stress,2.173913123075466,2,Alkaline_soils,Abiotic
Engineered zinc oxide nanoparticles: an alternative to conventional zinc sulphate in neutral and alkaline soils for sustainable wheat production,2,2021,"Singh, K",Field,Zn,Seed,Wheat,65.0,class C,200.0,ClassD,grain yield/plant,Yield,3,1.081196581,0.085470085,3,1.11965812,0.038461538,0.034955016,0.002476374,Stress,3.5573123530446393,2,Alkaline_soils,Abiotic
Engineered zinc oxide nanoparticles: an alternative to conventional zinc sulphate in neutral and alkaline soils for sustainable wheat production,2,2021,"Singh, K",Field,Zn,Soil,Wheat,65.0,class C,2.5,ClassA,grain yield/plant,Yield,3,1.236318408,0.039800995,3,1.276119403,0.052238806,0.031685819,0.000904043,Stress,3.219315887719465,2,Alkaline_soils,Abiotic
Engineered zinc oxide nanoparticles: an alternative to conventional zinc sulphate in neutral and alkaline soils for sustainable wheat production,2,2021,"Singh, K",Field,Zn,Soil,Wheat,65.0,class C,5.0,ClassA,grain yield/plant,Yield,3,1.236318408,0.039800995,3,1.355721393,0.037313433,0.092195769,0.00059797,Stress,9.657947733640771,2,Alkaline_soils,Abiotic
Engineered zinc oxide nanoparticles: an alternative to conventional zinc sulphate in neutral and alkaline soils for sustainable wheat production,2,2021,"Singh, K",Field,Zn,Soil,Wheat,65.0,class C,10.0,ClassA,grain yield/plant,Yield,3,1.236318408,0.039800995,3,1.335820896,0.059701493,0.077408069,0.00101128,Stress,8.04828980193748,2,Alkaline_soils,Abiotic
Engineered zinc oxide nanoparticles: an alternative to conventional zinc sulphate in neutral and alkaline soils for sustainable wheat production,2,2021,"Singh, K",Field,Zn,Soil,Wheat,65.0,class C,2.5,ClassA,grain yield/plant,Yield,3,1.082089552,0.082089552,3,1.13681592,0.077114428,0.04933736,0.003452155,Stress,5.05747128479932,2,Alkaline_soils,Abiotic
Engineered zinc oxide nanoparticles: an alternative to conventional zinc sulphate in neutral and alkaline soils for sustainable wheat production,2,2021,"Singh, K",Field,Zn,Soil,Wheat,65.0,class C,5.0,ClassA,grain yield/plant,Yield,3,1.082089552,0.082089552,3,1.196517413,0.089552239,0.100521239,0.003785563,Stress,10.574712641789862,2,Alkaline_soils,Abiotic
Engineered zinc oxide nanoparticles: an alternative to conventional zinc sulphate in neutral and alkaline soils for sustainable wheat production,2,2021,"Singh, K",Field,Zn,Soil,Wheat,65.0,class C,10.0,ClassA,grain yield/plant,Yield,3,1.082089552,0.082089552,3,1.189054726,0.07960199,0.094264701,0.003412256,Stress,9.885057427005762,2,Alkaline_soils,Abiotic
Engineered zinc oxide nanoparticles: an alternative to conventional zinc sulphate in neutral and alkaline soils for sustainable wheat production,2,2021,"Singh, K",Field,Zn,Foliar,Wheat,65.0,class C,100.0,ClassD,grain yield/plant,Yield,3,1.239010989,0.038461538,3,1.291208791,0.049450549,0.041265355,0.000810114,Stress,4.212860289430109,2,Alkaline_soils,Abiotic
Engineered zinc oxide nanoparticles: an alternative to conventional zinc sulphate in neutral and alkaline soils for sustainable wheat production,2,2021,"Singh, K",Field,Zn,Foliar,Wheat,65.0,class C,100.0,ClassD,grain yield/plant,Yield,3,1.087912088,0.076923077,3,1.142857143,0.074175824,0.049271049,0.003070666,Stress,5.05050504979252,2,Alkaline_soils,Abiotic
Efficacy of ZnO nanoparticles in Zn fortification and partitioning of wheat and rice grains under salt stress,3,2023,"Mazhar, Z",Pot,Zn,Soil,Rice,22.0,class A,7.0,ClassA,grain yield/plant,Yield,3,6.4,1.247076581,3,11.9,0.779422863,0.62024041,0.014086234,Stress,85.93750004613898,3,Salt,Abiotic
Efficacy of ZnO nanoparticles in Zn fortification and partitioning of wheat and rice grains under salt stress,3,2023,"Mazhar, Z",Pot,Zn,Soil,Wheat,22.0,class A,7.0,ClassA,grain yield/plant,Yield,3,3.833333333,0.285,3,6.166666667,0.16,0.475423697,0.00206693,Stress,60.86956526322711,3,Salt,Abiotic
Differential response of nano zinc sulphate with other conventional sources of Zn in mitigating salinity stress in rice grown on saline-sodic soil,4,2023,"Ahmed, R",Pot,Zn,Foliar,Wheat,100.0,class C,5.0,ClassA,grain yield/plant,Yield,3,6.142857143,1.040816327,3,10.19387755,0.673469388,0.506497333,0.011024339,Stress,65.94684379744307,4,Salt,Abiotic
Differential response of nano zinc sulphate with other conventional sources of Zn in mitigating salinity stress in rice grown on saline-sodic soil,4,2023,"Ahmed, R",Pot,Zn,Foliar,Wheat,100.0,class C,10.0,ClassA,grain yield/plant,Yield,3,6.142857143,1.040816327,3,12.28571429,0.346938776,0.693147181,0.009835248,Stress,100.00000008801094,4,Salt,Abiotic
Differential response of nano zinc sulphate with other conventional sources of Zn in mitigating salinity stress in rice grown on saline-sodic soil,4,2023,"Ahmed, R",Pot,Zn,Foliar,Wheat,100.0,class C,5.0,ClassA,grain yield/plant,Yield,3,6.142857143,1.040816327,3,8.295918367,0.469387755,0.300473664,0.010636551,Stress,35.04983385476768,4,Salt,Abiotic
Differential response of nano zinc sulphate with other conventional sources of Zn in mitigating salinity stress in rice grown on saline-sodic soil,4,2023,"Ahmed, R",Pot,Zn,Foliar,Wheat,100.0,class C,10.0,ClassA,grain yield/plant,Yield,3,6.142857143,1.040816327,3,8.908163265,0.193877551,0.37167811,0.009727322,Stress,45.01661121870897,4,Salt,Abiotic
Zinc and iron oxide nanoparticles improved the plant growth and reduced the oxidative stress and cadmium concentration in wheat,5,2019,"Rizwan, M",Pot,Zn,Foliar,Wheat,30.0,class A,25.0,ClassB,grain yield/plant,Yield,4,2.57882883,0.09009009,4,3.231981983,0.09009009,0.225760212,0.000499353,Stress,25.327510891290615,5,Heavy_Metal,Abiotic
Zinc and iron oxide nanoparticles improved the plant growth and reduced the oxidative stress and cadmium concentration in wheat,5,2019,"Rizwan, M",Pot,Zn,Foliar,Wheat,30.0,class A,50.0,ClassC,grain yield/plant,Yield,4,2.57882883,0.09009009,4,3.704954955,0.140765766,0.362335747,0.000665989,Stress,43.66812224040939,5,Heavy_Metal,Abiotic
Zinc and iron oxide nanoparticles improved the plant growth and reduced the oxidative stress and cadmium concentration in wheat,5,2019,"Rizwan, M",Pot,Zn,Foliar,Wheat,30.0,class A,75.0,ClassC,grain yield/plant,Yield,4,2.57882883,0.09009009,4,4.042792793,0.129504505,0.449600385,0.00056164,Stress,56.76855896230564,5,Heavy_Metal,Abiotic
Zinc and iron oxide nanoparticles improved the plant growth and reduced the oxidative stress and cadmium concentration in wheat,5,2019,"Rizwan, M",Pot,Zn,Foliar,Wheat,30.0,class A,100.0,ClassD,grain yield/plant,Yield,4,2.57882883,0.09009009,4,4.493243243,0.067567568,0.555239413,0.000361637,Stress,74.23580780178432,5,Heavy_Metal,Abiotic
Zinc and iron oxide nanoparticles improved the plant growth and reduced the oxidative stress and cadmium concentration in wheat,5,2019,"Rizwan, M",Pot,Fe,Foliar,Wheat,100.0,class C,5.0,ClassA,grain yield/plant,Yield,4,2.567567568,0.140765766,4,3.254504505,0.045045045,0.237081059,0.000799325,Stress,26.754385944886174,5,Heavy_Metal,Abiotic
Zinc and iron oxide nanoparticles improved the plant growth and reduced the oxidative stress and cadmium concentration in wheat,5,2019,"Rizwan, M",Pot,Fe,Foliar,Wheat,100.0,class C,10.0,ClassA,grain yield/plant,Yield,4,2.567567568,0.140765766,4,3.710585585,0.073198198,0.368230725,0.00084872,Stress,44.517543861365816,5,Heavy_Metal,Abiotic
Zinc and iron oxide nanoparticles improved the plant growth and reduced the oxidative stress and cadmium concentration in wheat,5,2019,"Rizwan, M",Pot,Fe,Foliar,Wheat,100.0,class C,15.0,ClassA,grain yield/plant,Yield,4,2.567567568,0.140765766,4,3.969594595,0.208333333,0.435704993,0.00144003,Stress,54.60526311184053,5,Heavy_Metal,Abiotic
Zinc and iron oxide nanoparticles improved the plant growth and reduced the oxidative stress and cadmium concentration in wheat,5,2019,"Rizwan, M",Pot,Fe,Foliar,Wheat,100.0,class C,20.0,Class B,grain yield/plant,Yield,4,2.567567568,0.140765766,4,4.403153153,0.078828829,0.539361931,0.000831561,Stress,71.49122806487208,5,Heavy_Metal,Abiotic
Combined use of different nanoparticles effectively decreased cadmium (Cd) concentration in grains of wheat grown in a field contaminated with Cd,6,2021,"Hussain, A",Field,Zn,Foliar,Wheat,30.0,class A,25.0,ClassB,thousands grams,Yield,4,22.15827338,0.431654676,4,25.63829787,1.524822695,0.145876301,0.000979174,Stress,15.705305289255111,6,Heavy_Metal,Abiotic
Combined use of different nanoparticles effectively decreased cadmium (Cd) concentration in grains of wheat grown in a field contaminated with Cd,6,2021,"Hussain, A",Field,Zn,Foliar,Wheat,30.0,class A,25.0,ClassB,grains yield,Yield,4,2.86875,0.15,4,3.604863222,0.121580547,0.228407434,0.000967872,Stress,25.65972015716167,6,Heavy_Metal,Abiotic
Combined use of different nanoparticles effectively decreased cadmium (Cd) concentration in grains of wheat grown in a field contaminated with Cd,6,2021,"Hussain, A",Field,Si,Foliar,Wheat,50.0,class B,300.0,ClassE,thousands grams,Yield,4,22.15827338,0.431654676,4,23.23741007,0.647482014,0.04755254,0.00028897,Stress,4.870129844008608,6,Heavy_Metal,Abiotic
Combined use of different nanoparticles effectively decreased cadmium (Cd) concentration in grains of wheat grown in a field contaminated with Cd,6,2021,"Hussain, A",Field,Si,Foliar,Wheat,50.0,class B,300.0,ClassE,grains yield,Yield,4,2.86878,0.15,4,3.0875,0.16875,0.07347485,0.0014303,Stress,7.624146885857375,6,Heavy_Metal,Abiotic
Combined use of different nanoparticles effectively decreased cadmium (Cd) concentration in grains of wheat grown in a field contaminated with Cd,6,2021,"Hussain, A",Field,Fe,Foliar,Wheat,100.0,class C,5.0,ClassA,thousands grams,Yield,4,22.15827338,0.4317,4,24.4245,0.6475,0.097375784,0.000270591,Stress,10.227451292824053,6,Heavy_Metal,Abiotic
Combined use of different nanoparticles effectively decreased cadmium (Cd) concentration in grains of wheat grown in a field contaminated with Cd,6,2021,"Hussain, A",Field,Fe,Foliar,Wheat,100.0,class C,5.0,ClassA,grains yield,Yield,4,2.86875,0.15,4,3.2125,0.125,0.113173055,0.001062005,Stress,11.982570761909649,6,Heavy_Metal,Abiotic
Unraveling the effects of zinc sulfate nanoparticles and potassium fertilizers on quality of maize and associated health risks in Cd contaminated soils under different moisture regimes,7,2023,"Umair, M.",Pot,Zn,Foliar,Maize,20.0,class A,5.0,ClassA,hundreds grams,Yield,3,19.2,0.6,3,24.4,0.71,0.239672853,0.000607759,Stress,27.08333329960284,7,Heavy_Metal,Abiotic
Unraveling the effects of zinc sulfate nanoparticles and potassium fertilizers on quality of maize and associated health risks in Cd contaminated soils under different moisture regimes,7,2023,"Umair, M.",Pot,Zn,Foliar,Maize,20.0,class A,5.0,ClassA,grain yield/plant,Yield,3,26.4,0.9,3,34.5,1.03,0.267595314,0.000684505,Stress,30.681818196840883,7,Heavy_Metal,Abiotic
Unraveling the effects of zinc sulfate nanoparticles and potassium fertilizers on quality of maize and associated health risks in Cd contaminated soils under different moisture regimes,7,2023,"Umair, M.",Pot,Zn,Foliar,Maize,20.0,class A,5.0,ClassA,hundreds grams,Yield,3,19.9,0.8,3,25.5,0.81,0.24795872,0.000875039,Stress,28.140703461983364,7,Heavy_Metal,Abiotic
Unraveling the effects of zinc sulfate nanoparticles and potassium fertilizers on quality of maize and associated health risks in Cd contaminated soils under different moisture regimes,7,2023,"Umair, M.",Pot,Zn,Foliar,Maize,20.0,class A,5.0,ClassA,grain yield/plant,Yield,3,27.6,0.41,3,37.1,1.21,0.295801197,0.000428127,Stress,34.42028986982037,7,Heavy_Metal,Abiotic
Minimizing the Adversely Impacts of Water Deficit and Soil Salinity on Maize Growth and Productivity in Response to the Application of Plant Growth-Promoting Rhizobacteria and Silica Nanoparticles,8,2021,Hafez,Field,Si,Foliar,Maize,20.0,class A,500.0,ClassE,grains yield,Yield,3,5.794,0.03,3,5.9053,0.029,0.019027353,1.7e-05,Stress,1.920952667431508,8,Salt,Abiotic
Minimizing the Adversely Impacts of Water Deficit and Soil Salinity on Maize Growth and Productivity in Response to the Application of Plant Growth-Promoting Rhizobacteria and Silica Nanoparticles,8,2021,Hafez,Field,Si,Foliar,Maize,20.0,class A,500.0,ClassE,hundreds grams,Yield,3,35.0,0.3,3,37.9,0.5,0.079603051,8.25e-05,Stress,8.285714329140426,8,Salt,Abiotic
Minimizing the Adversely Impacts of Water Deficit and Soil Salinity on Maize Growth and Productivity in Response to the Application of Plant Growth-Promoting Rhizobacteria and Silica Nanoparticles,8,2021,Hafez,Field,Si,Foliar,Maize,20.0,class A,500.0,ClassE,grain yield/plant,Yield,10,44.12,0.423,10,45.13,0.365,0.022634019,1.57e-05,Stress,2.289211195667873,8,Salt,Abiotic
Minimizing the Adversely Impacts of Water Deficit and Soil Salinity on Maize Growth and Productivity in Response to the Application of Plant Growth-Promoting Rhizobacteria and Silica Nanoparticles,8,2021,Hafez,Field,Si,Foliar,Maize,20.0,class A,500.0,ClassE,grains yield,Yield,3,5.8654,0.036,3,6.1475,0.034,0.046974814,2.28e-05,Stress,4.809561141116214,8,Salt,Abiotic
Minimizing the Adversely Impacts of Water Deficit and Soil Salinity on Maize Growth and Productivity in Response to the Application of Plant Growth-Promoting Rhizobacteria and Silica Nanoparticles,8,2021,Hafez,Field,Si,Foliar,Maize,20.0,class A,500.0,ClassE,hundreds grams,Yield,3,36.5,0.4,3,39.8,0.3,0.086554652,5.9e-05,Stress,9.041095922911069,8,Salt,Abiotic
Minimizing the Adversely Impacts of Water Deficit and Soil Salinity on Maize Growth and Productivity in Response to the Application of Plant Growth-Promoting Rhizobacteria and Silica Nanoparticles,8,2021,Hafez,Field,Si,Foliar,Maize,20.0,class A,500.0,ClassE,grain yield/plant,Yield,10,44.51,0.498,10,45.06,0.478,0.012281052,2.38e-05,Stress,1.2356773782662867,8,Salt,Abiotic
"Integrated application of bacterial carbonate precipitation and silicon nanoparticles enhances productivity, physiological attributes, and antioxidant defenses of wheat (Triticum aestivum L.) under semi-arid conditions",9,2022,"Desoky, E",Pot,Si,Foliar,Wheat,30.0,class A,1.0,ClassA,thousands grams,Yield,3,36.8,3.637306696,3,37.6,3.845152793,0.021506205,0.006742462,Stress,2.1739130209015523,9,Drought,Abiotic
"Integrated application of bacterial carbonate precipitation and silicon nanoparticles enhances productivity, physiological attributes, and antioxidant defenses of wheat (Triticum aestivum L.) under semi-arid conditions",9,2022,"Desoky, E",Pot,Si,Foliar,Wheat,30.0,class A,1.5,ClassA,thousands grams,Yield,3,36.8,3.637306696,3,39.6,3.983716857,0.073331273,0.006629819,Stress,7.608695642968022,9,Drought,Abiotic
"Integrated application of bacterial carbonate precipitation and silicon nanoparticles enhances productivity, physiological attributes, and antioxidant defenses of wheat (Triticum aestivum L.) under semi-arid conditions",9,2022,"Desoky, E",Pot,Si,Foliar,Wheat,30.0,class A,1.0,ClassA,thousands grams,Yield,3,37.3,2.771281292,3,38.3,3.117691454,0.02645657,0.004048774,Stress,2.680965195011775,9,Drought,Abiotic
"Integrated application of bacterial carbonate precipitation and silicon nanoparticles enhances productivity, physiological attributes, and antioxidant defenses of wheat (Triticum aestivum L.) under semi-arid conditions",9,2022,"Desoky, E",Pot,Si,Foliar,Wheat,30.0,class A,1.5,ClassA,thousands grams,Yield,3,37.3,2.771281292,3,40.4,3.290896534,0.079836458,0.004051812,Stress,8.310991922733745,9,Drought,Abiotic
"Integrated application of bacterial carbonate precipitation and silicon nanoparticles enhances productivity, physiological attributes, and antioxidant defenses of wheat (Triticum aestivum L.) under semi-arid conditions",9,2022,"Desoky, E",Pot,Si,Foliar,Wheat,30.0,class A,1.0,ClassA,grain yield/plant,Yield,3,3.54,0.259807621,3,5.49,0.36373067,0.438801528,0.003258628,Stress,55.08474570443782,9,Drought,Abiotic
"Integrated application of bacterial carbonate precipitation and silicon nanoparticles enhances productivity, physiological attributes, and antioxidant defenses of wheat (Triticum aestivum L.) under semi-arid conditions",9,2022,"Desoky, E",Pot,Si,Foliar,Wheat,30.0,class A,1.5,ClassA,grain yield/plant,Yield,3,3.54,0.259807621,3,6.17,0.398371686,0.555572111,0.003185047,Stress,74.29378535054083,9,Drought,Abiotic
"Integrated application of bacterial carbonate precipitation and silicon nanoparticles enhances productivity, physiological attributes, and antioxidant defenses of wheat (Triticum aestivum L.) under semi-arid conditions",9,2022,"Desoky, E",Pot,Si,Foliar,Wheat,30.0,class A,1.0,ClassA,grain yield/plant,Yield,3,3.6,0.190525589,3,5.58,0.329089653,0.438254931,0.002093057,Stress,55.00000001067094,9,Drought,Abiotic
"Integrated application of bacterial carbonate precipitation and silicon nanoparticles enhances productivity, physiological attributes, and antioxidant defenses of wheat (Triticum aestivum L.) under semi-arid conditions",9,2022,"Desoky, E",Pot,Si,Foliar,Wheat,30.0,class A,1.5,ClassA,grain yield/plant,Yield,3,3.6,0.190525589,3,6.33,0.36373067,0.564366391,0.002034246,Stress,75.83333338713472,9,Drought,Abiotic
Transcriptomics and metabolomics reveal the mechanisms of enhanced constitutive resistance in rice by silica nanomaterials,10,2023,"Wang, Jing",Pot,Si,Foliar,Rice,8.0,class A,50.0,ClassC,hundreds grams,Yield,3,2.082807239,0.118371212,3,2.773305976,0.289351852,0.286323484,0.004705217,Stress,33.152311201561744,10,Inset,Biotic
Transcriptomics and metabolomics reveal the mechanisms of enhanced constitutive resistance in rice by silica nanomaterials,10,2023,"Wang, Jing",Pot,Si,Foliar,Rice,8.0,class A,50.0,ClassC,hundreds grams,Yield,3,2.066366793,0.131523569,3,2.770017887,0.046033249,0.293061885,0.001442484,Stress,34.052574630060285,10,Inset,Biotic
Transcriptomics and metabolomics reveal the mechanisms of enhanced constitutive resistance in rice by silica nanomaterials,10,2023,"Wang, Jing",Pot,Si,Foliar,Rice,8.0,class A,50.0,ClassC,hundreds grams,Yield,3,2.026909722,0.223590067,3,2.684527567,0.312368476,0.280992431,0.008569284,Stress,32.44435791838678,10,Inset,Biotic
Transcriptomics and metabolomics reveal the mechanisms of enhanced constitutive resistance in rice by silica nanomaterials,10,2023,"Wang, Jing",Pot,Si,Foliar,Rice,8.0,class A,50.0,ClassC,grain yield/plant,Yield,3,27.72479564,2.942779292,3,28.56948229,4.032697548,0.030011933,0.010396897,Stress,3.046683044083731,10,Inset,Biotic
Transcriptomics and metabolomics reveal the mechanisms of enhanced constitutive resistance in rice by silica nanomaterials,10,2023,"Wang, Jing",Pot,Si,Foliar,Rice,8.0,class A,50.0,ClassC,grain yield/plant,Yield,3,22.82016349,7.220708447,3,34.29155313,3.160762943,0.407254551,0.036205399,Stress,50.26865673502883,10,Inset,Biotic
Transcriptomics and metabolomics reveal the mechanisms of enhanced constitutive resistance in rice by silica nanomaterials,10,2023,"Wang, Jing",Pot,Si,Foliar,Rice,8.0,class A,50.0,ClassC,grain yield/plant,Yield,3,23.0653951,2.179836512,3,30.61307902,0.926430518,0.28309389,0.003282452,Stress,32.72297695704196,10,Inset,Biotic
Foliage application of selenium and silicon nanoparticles alleviates Cd and Pb toxicity in rice,11,2020,"Hussain, B",Field,Si,Foliar,Rice,12.0,class A,5.0,ClassA,grains yield,Yield,3,6.3263,0.077622616,3,6.329623394,0.060748134,0.000525192,8.09e-05,Stress,0.05253299374652354,11,Heavy_Metal,Abiotic
Foliage application of selenium and silicon nanoparticles alleviates Cd and Pb toxicity in rice,11,2020,"Hussain, B",Field,Si,Foliar,Rice,12.0,class A,10.0,ClassA,grains yield,Yield,3,6.3263,0.077622616,3,6.559546078,0.222743159,0.036205858,0.000434544,Stress,3.6869272357128002,11,Heavy_Metal,Abiotic
Foliage application of selenium and silicon nanoparticles alleviates Cd and Pb toxicity in rice,11,2020,"Hussain, B",Field,Si,Foliar,Rice,12.0,class A,20.0,Class B,grains yield,Yield,3,6.3263,0.077622616,3,7.915700212,0.114746476,0.224132609,0.000120228,Stress,25.12369337057978,11,Heavy_Metal,Abiotic
Foliage application of selenium and silicon nanoparticles alleviates Cd and Pb toxicity in rice,11,2020,"Hussain, B",Field,Se,Foliar,Rice,12.0,class A,5.0,ClassA,grains yield,Yield,3,6.3627,0.077622616,3,6.477709191,0.128246061,0.017914112,0.000180265,Stress,1.8075532163336128,11,Heavy_Metal,Abiotic
Foliage application of selenium and silicon nanoparticles alleviates Cd and Pb toxicity in rice,11,2020,"Hussain, B",Field,Se,Foliar,Rice,12.0,class A,10.0,ClassA,grains yield,Yield,3,6.3627,0.077622616,3,6.668661928,0.101246891,0.046966414,0.000126446,Stress,4.8086807445003155,11,Heavy_Metal,Abiotic
Foliage application of selenium and silicon nanoparticles alleviates Cd and Pb toxicity in rice,11,2020,"Hussain, B",Field,Se,Foliar,Rice,12.0,class A,20.0,Class B,grains yield,Yield,3,6.3627,0.077622616,3,6.454327223,0.4568908,0.014297978,0.001719938,Stress,1.4400682994913705,11,Heavy_Metal,Abiotic
"Effect of green-synthesized copper oxide nanoparticles on growth, physiology, nutrient uptake, and cadmium accumulation in aestivum",12,2023,Alhaithloul,Pot,Cu,Foliar,Wheat,8.0,class A,25.0,ClassB,grain yield/plant,Yield,3,5.571428571,0.485714286,3,6.228571429,0.471428571,0.111495504,0.004442982,Stress,11.794871769679682,12,Heavy_Metal,Abiotic
"Effect of green-synthesized copper oxide nanoparticles on growth, physiology, nutrient uptake, and cadmium accumulation in aestivum",12,2023,Alhaithloul,Pot,Cu,Foliar,Wheat,8.0,class A,50.0,ClassC,grain yield/plant,Yield,3,5.571428571,0.485714286,3,6.857142857,0.5,0.207639365,0.004305701,Stress,23.07692310421605,12,Heavy_Metal,Abiotic
"Effect of green-synthesized copper oxide nanoparticles on growth, physiology, nutrient uptake, and cadmium accumulation in aestivum",12,2023,Alhaithloul,Pot,Cu,Foliar,Wheat,8.0,class A,75.0,ClassC,grain yield/plant,Yield,3,5.571428571,0.485714286,3,7.542857143,0.471428571,0.302949545,0.003835504,Stress,35.38461544112907,12,Heavy_Metal,Abiotic
"Effect of green-synthesized copper oxide nanoparticles on growth, physiology, nutrient uptake, and cadmium accumulation in aestivum",12,2023,Alhaithloul,Pot,Cu,Foliar,Wheat,8.0,class A,100.0,ClassD,grain yield/plant,Yield,3,5.571428571,0.485714286,3,8.285714286,0.457142857,0.396881365,0.003548086,Stress,48.71794880468505,12,Heavy_Metal,Abiotic
Effect of titanium dioxide nanoparticles and co-composted biochar on growth and Cd uptake by wheat plants: A field study,12,2023,"Chen, Fu",Field,Ti,Foliar,Wheat,8.0,class A,75.0,ClassC,grains yield,Yield,4,3.493055556,0.111111111,4,4.076388889,0.131944444,0.15443465,0.000514877,Stress,16.6998012245436,12,Heavy_Metal,Abiotic
Effect of titanium dioxide nanoparticles and co-composted biochar on growth and Cd uptake by wheat plants: A field study,13,2023,"Chen, Fu",Field,Ti,Foliar,Wheat,8.0,class A,75.0,ClassC,hundreds grams,Yield,4,16.53213752,1.883408072,4,25.05979073,1.517189836,0.415958384,0.00416103,Stress,51.58227850769066,13,Heavy_Metal,Abiotic
"Effect of iron nanoparticles and conventional sources of Fe on growth, physiology and nutrient accumulation in wheat plants grown on normal and salt-affected soils",15,2023,"Zia-Ur-Rehman, M",Pot,Fe,Soil,Wheat,100.0,class C,15.0,ClassA,grain yield/plant,Yield,3,6.524822695,0.09929078,3,9.716312057,0.19858156,0.398192349,0.000216426,Stress,48.91304351115806,15,Salt,Abiotic
"Effect of iron nanoparticles and conventional sources of Fe on growth, physiology and nutrient accumulation in wheat plants grown on normal and salt-affected soils",15,2023,"Zia-Ur-Rehman, M",Pot,Fe,Soil,Wheat,100.0,class C,25.0,ClassB,grain yield/plant,Yield,3,6.524822695,0.09929078,3,10.5248227,0.212765957,0.478122754,0.000213414,Stress,61.30434787702046,15,Salt,Abiotic
Co-foliar application of zinc and nano-silicon to rice helps in reducing cadmium exposure risk: Investigations through in-vitro digestion with human cell line bioavailability assay,16,2024,"Lin, Q",Field,Si,Foliar,Rice,24.0,class A,600.0,ClassE,grains yield,Yield,6,11.13387514,0.309504102,6,11.43712599,0.284743774,0.026872454,0.000232097,Stress,2.72367744659634,16,Heavy_Metal,Abiotic
Metal nanoparticles to improve the heat resilience in wheat,17,2024,"Shukla, G",Field,Ag,Foliar,Wheat,61.0,class C,12.5,ClassA,thousands grams,Yield,3,38.59289617,3.620218579,3,39.07103825,1.024590164,0.01231326,0.003162374,Stress,1.238938029472525,17,Climatic_Stress,Abiotic
Metal nanoparticles to improve the heat resilience in wheat,17,2024,"Shukla, G",Field,Ag,Foliar,Wheat,61.0,class C,25.0,ClassB,thousands grams,Yield,3,38.59289617,3.620218579,3,39.54918033,2.595628415,0.024476747,0.004368928,Stress,2.47787616496018,17,Climatic_Stress,Abiotic
Metal nanoparticles to improve the heat resilience in wheat,17,2024,"Shukla, G",Field,Ag,Foliar,Wheat,61.0,class C,50.0,ClassC,thousands grams,Yield,3,38.59289617,3.620218579,3,42.62295082,3.005464481,0.099324637,0.004590498,Stress,10.442477851478982,17,Climatic_Stress,Abiotic
Metal nanoparticles to improve the heat resilience in wheat,17,2024,"Shukla, G",Field,Ag,Foliar,Wheat,61.0,class C,75.0,ClassC,thousands grams,Yield,3,38.59289617,3.620218579,3,43.92076503,3.073770492,0.129318993,0.004565753,Stress,13.805309724136672,17,Climatic_Stress,Abiotic
Metal nanoparticles to improve the heat resilience in wheat,17,2024,"Shukla, G",Field,Ag,Foliar,Wheat,61.0,class C,100.0,ClassD,thousands grams,Yield,3,38.59289617,3.620218579,3,40.6420765,0.478142077,0.051735674,0.002979281,Stress,5.309734471235861,17,Climatic_Stress,Abiotic
Metal nanoparticles to improve the heat resilience in wheat,17,2024,"Shukla, G",Field,Ag,Foliar,Wheat,61.0,class C,12.5,ClassA,grain yield/plant,Yield,3,12.02185792,2.732240437,3,13.59289617,0.887978142,0.12282083,0.018640154,Stress,13.06818185364671,17,Climatic_Stress,Abiotic
Metal nanoparticles to improve the heat resilience in wheat,17,2024,"Shukla, G",Field,Ag,Foliar,Wheat,61.0,class C,25.0,ClassB,grain yield/plant,Yield,3,12.02185792,2.732240437,3,17.34972678,1.912568306,0.366850273,0.021268306,Stress,44.31818196533084,17,Climatic_Stress,Abiotic
Metal nanoparticles to improve the heat resilience in wheat,17,2024,"Shukla, G",Field,Ag,Foliar,Wheat,61.0,class C,50.0,ClassC,grain yield/plant,Yield,3,12.02185792,2.732240437,3,18.92076503,2.390710383,0.453533512,0.022539391,Stress,57.386363770270044,17,Climatic_Stress,Abiotic
Metal nanoparticles to improve the heat resilience in wheat,17,2024,"Shukla, G",Field,Ag,Foliar,Wheat,61.0,class C,75.0,ClassC,grain yield/plant,Yield,3,12.02185792,2.732240437,3,19.26229508,1.366120219,0.471423076,0.018894274,Stress,60.227272743301576,17,Climatic_Stress,Abiotic
Metal nanoparticles to improve the heat resilience in wheat,17,2024,"Shukla, G",Field,Ag,Foliar,Wheat,61.0,class C,100.0,ClassD,grain yield/plant,Yield,3,12.02185792,2.732240437,3,17.69125683,2.18579235,0.386344067,0.022306007,Stress,47.159090958921034,17,Climatic_Stress,Abiotic
Metal nanoparticles to improve the heat resilience in wheat,17,2024,"Shukla, G",Field,Ag,Foliar,Wheat,61.0,class C,12.5,ClassA,thousands grams,Yield,3,38.16216216,3.783783784,3,40.21621622,0.756756757,0.052425797,0.003394946,Stress,5.3824362248090285,17,Climatic_Stress,Abiotic
Metal nanoparticles to improve the heat resilience in wheat,17,2024,"Shukla, G",Field,Ag,Foliar,Wheat,61.0,class C,25.0,ClassB,thousands grams,Yield,3,38.16216216,3.783783784,3,43.67567568,2.810810811,0.134946821,0.0046575,Stress,14.44759206480093,17,Climatic_Stress,Abiotic
Metal nanoparticles to improve the heat resilience in wheat,17,2024,"Shukla, G",Field,Ag,Foliar,Wheat,61.0,class C,50.0,ClassC,thousands grams,Yield,3,38.16216216,3.783783784,3,42.48648649,2.918918919,0.107341555,0.004850252,Stress,11.331444766335963,17,Climatic_Stress,Abiotic
Metal nanoparticles to improve the heat resilience in wheat,17,2024,"Shukla, G",Field,Ag,Foliar,Wheat,61.0,class C,75.0,ClassC,thousands grams,Yield,3,38.16216216,3.783783784,3,39.35135135,2.594594595,0.030685811,0.004726017,Stress,3.1161473393615857,17,Climatic_Stress,Abiotic
Metal nanoparticles to improve the heat resilience in wheat,17,2024,"Shukla, G",Field,Ag,Foliar,Wheat,61.0,class C,100.0,ClassD,thousands grams,Yield,3,38.16216216,3.783783784,3,39.24324324,0.540540541,0.027934777,0.003340159,Stress,2.832861155707045,17,Climatic_Stress,Abiotic
Metal nanoparticles to improve the heat resilience in wheat,17,2024,"Shukla, G",Field,Ag,Foliar,Wheat,61.0,class C,12.5,ClassA,grain yield/plant,Yield,3,7.67816092,1.977011494,3,8.551724138,1.885057471,0.107752861,0.038295991,Stress,11.377245475964681,17,Climatic_Stress,Abiotic
Metal nanoparticles to improve the heat resilience in wheat,17,2024,"Shukla, G",Field,Ag,Foliar,Wheat,61.0,class C,25.0,ClassB,grain yield/plant,Yield,3,7.67816092,1.977011494,3,9.471264368,1.103448276,0.209882356,0.026623974,Stress,23.353293367184346,17,Climatic_Stress,Abiotic
Metal nanoparticles to improve the heat resilience in wheat,17,2024,"Shukla, G",Field,Ag,Foliar,Wheat,61.0,class C,50.0,ClassC,grain yield/plant,Yield,3,7.67816092,1.977011494,3,11.12643678,0.91954023,0.370943914,0.024376225,Stress,44.91017967840516,17,Climatic_Stress,Abiotic
Metal nanoparticles to improve the heat resilience in wheat,17,2024,"Shukla, G",Field,Ag,Foliar,Wheat,61.0,class C,75.0,ClassC,grain yield/plant,Yield,3,7.67816092,1.977011494,3,11.26436782,1.149425287,0.383264398,0.02557029,Stress,46.70658680757298,17,Climatic_Stress,Abiotic
Metal nanoparticles to improve the heat resilience in wheat,17,2024,"Shukla, G",Field,Ag,Foliar,Wheat,61.0,class C,100.0,ClassD,grain yield/plant,Yield,3,7.67816092,1.977011494,3,10.71264368,1.747126437,0.333044641,0.030965644,Stress,39.52095806305132,17,Climatic_Stress,Abiotic
Metal nanoparticles to improve the heat resilience in wheat,17,2024,"Shukla, G",Field,Zn,Foliar,Wheat,46.5,class B,12.5,ClassA,thousands grams,Yield,3,29.33901919,1.748400853,3,32.23880597,1.791044776,0.094252538,0.002212583,Stress,9.883720903180349,17,Climatic_Stress,Abiotic
Metal nanoparticles to improve the heat resilience in wheat,17,2024,"Shukla, G",Field,Zn,Foliar,Wheat,46.5,class B,25.0,ClassB,thousands grams,Yield,3,29.33901919,1.748400853,3,31.94029851,3.326226013,0.084950146,0.004798743,Stress,8.866279115069343,17,Climatic_Stress,Abiotic
Metal nanoparticles to improve the heat resilience in wheat,17,2024,"Shukla, G",Field,Zn,Foliar,Wheat,46.5,class B,50.0,ClassC,thousands grams,Yield,3,29.33901919,1.748400853,3,36.71641791,2.771855011,0.224305666,0.003083538,Stress,25.14534877533905,17,Climatic_Stress,Abiotic
Metal nanoparticles to improve the heat resilience in wheat,17,2024,"Shukla, G",Field,Zn,Foliar,Wheat,46.5,class B,75.0,ClassC,thousands grams,Yield,3,29.33901919,1.748400853,3,36.8869936,2.601279318,0.228940669,0.002841477,Stress,25.726744186230622,17,Climatic_Stress,Abiotic
Metal nanoparticles to improve the heat resilience in wheat,17,2024,"Shukla, G",Field,Zn,Foliar,Wheat,46.5,class B,100.0,ClassD,thousands grams,Yield,3,29.33901919,1.748400853,3,38.50746269,1.32196162,0.271933716,0.001576626,Stress,31.25000006777201,17,Climatic_Stress,Abiotic
Metal nanoparticles to improve the heat resilience in wheat,17,2024,"Shukla, G",Field,Zn,Foliar,Wheat,46.5,class B,12.5,ClassA,grain yield/plant,Yield,3,11.0021322,0.554371002,3,11.72707889,0.511727079,0.063811512,0.001481014,Stress,6.5891472074177,17,Climatic_Stress,Abiotic
Metal nanoparticles to improve the heat resilience in wheat,17,2024,"Shukla, G",Field,Zn,Foliar,Wheat,46.5,class B,25.0,ClassB,grain yield/plant,Yield,3,11.0021322,0.554371002,3,10.87420043,0.554371002,-0.01169604,0.001712637,Stress,-1.1627907210799315,17,Climatic_Stress,Abiotic
Metal nanoparticles to improve the heat resilience in wheat,17,2024,"Shukla, G",Field,Zn,Foliar,Wheat,46.5,class B,50.0,ClassC,grain yield/plant,Yield,3,11.0021322,0.554371002,3,11.5565032,1.023454158,0.049159236,0.003460647,Stress,5.038759694325345,17,Climatic_Stress,Abiotic
Metal nanoparticles to improve the heat resilience in wheat,17,2024,"Shukla, G",Field,Zn,Foliar,Wheat,46.5,class B,75.0,ClassC,grain yield/plant,Yield,3,11.0021322,0.554371002,3,12.36673774,1.066098081,0.116921338,0.003323513,Stress,12.403100768573005,17,Climatic_Stress,Abiotic
Metal nanoparticles to improve the heat resilience in wheat,17,2024,"Shukla, G",Field,Zn,Foliar,Wheat,46.5,class B,100.0,ClassD,grain yield/plant,Yield,3,11.0021322,0.554371002,3,16.07675906,0.852878465,0.379285602,0.001784418,Stress,46.124030930833214,17,Climatic_Stress,Abiotic
Metal nanoparticles to improve the heat resilience in wheat,17,2024,"Shukla, G",Field,Zn,Foliar,Wheat,46.5,class B,12.5,ClassA,thousands grams,Yield,3,29.31506849,1.98630137,3,32.39726027,1.780821918,0.099972193,0.002537508,Stress,10.514018701520001,17,Climatic_Stress,Abiotic
Metal nanoparticles to improve the heat resilience in wheat,17,2024,"Shukla, G",Field,Zn,Foliar,Wheat,46.5,class B,25.0,ClassB,thousands grams,Yield,3,29.31506849,1.98630137,3,33.52739726,2.191780822,0.134261266,0.002954873,Stress,14.369158834041574,17,Climatic_Stress,Abiotic
Metal nanoparticles to improve the heat resilience in wheat,17,2024,"Shukla, G",Field,Zn,Foliar,Wheat,46.5,class B,50.0,ClassC,thousands grams,Yield,3,29.31506849,1.98630137,3,34.55479452,2.979452055,0.164444644,0.004008529,Stress,17.873831750727387,17,Climatic_Stress,Abiotic
Metal nanoparticles to improve the heat resilience in wheat,17,2024,"Shukla, G",Field,Zn,Foliar,Wheat,46.5,class B,75.0,ClassC,thousands grams,Yield,3,29.31506849,1.98630137,3,34.8630137,2.979452055,0.173324821,0.003964904,Stress,18.925233648579077,17,Climatic_Stress,Abiotic
Metal nanoparticles to improve the heat resilience in wheat,17,2024,"Shukla, G",Field,Zn,Foliar,Wheat,46.5,class B,100.0,ClassD,thousands grams,Yield,3,29.31506849,1.98630137,3,41.91780822,2.191780822,0.357609087,0.002441668,Stress,42.990654215541134,17,Climatic_Stress,Abiotic
Metal nanoparticles to improve the heat resilience in wheat,17,2024,"Shukla, G",Field,Zn,Foliar,Wheat,46.5,class B,12.5,ClassA,grain yield/plant,Yield,3,10.61643836,0.205479452,3,10.89041096,1.438356164,0.025479085,0.005939513,Stress,2.5806451304150935,17,Climatic_Stress,Abiotic
Metal nanoparticles to improve the heat resilience in wheat,17,2024,"Shukla, G",Field,Zn,Foliar,Wheat,46.5,class B,25.0,ClassB,grain yield/plant,Yield,3,10.61643836,0.205479452,3,11.78082192,1.369863014,0.10406936,0.004631811,Stress,10.96774194722354,17,Climatic_Stress,Abiotic
Metal nanoparticles to improve the heat resilience in wheat,17,2024,"Shukla, G",Field,Zn,Foliar,Wheat,46.5,class B,50.0,ClassC,grain yield/plant,Yield,3,10.61643836,0.205479452,3,12.29452055,1.404109589,0.146750091,0.00447255,Stress,15.806451611850903,17,Climatic_Stress,Abiotic
Metal nanoparticles to improve the heat resilience in wheat,17,2024,"Shukla, G",Field,Zn,Foliar,Wheat,46.5,class B,75.0,ClassC,grain yield/plant,Yield,3,10.61643836,0.205479452,3,12.32876712,0.684931507,0.149531733,0.001153677,Stress,16.12903214530743,17,Climatic_Stress,Abiotic
Metal nanoparticles to improve the heat resilience in wheat,17,2024,"Shukla, G",Field,Zn,Foliar,Wheat,46.5,class B,100.0,ClassD,grain yield/plant,Yield,3,10.61643836,0.205479452,3,16.26712329,0.171232877,0.426742506,0.000161804,Stress,53.22580636650373,17,Climatic_Stress,Abiotic
Effects of nano-molybdenum fertilizers on mo-inefficient winter wheat grown in acidic soil,18,2021,Syaifudin,Pot,Mo,Foliar,Wheat,30.0,class A,50.0,ClassC,thousands grams,Yield,3,25.33,0.346410162,3,30.33,6.30466494,0.180147858,0.014465509,Stress,19.739439437410766,18,Acid,Abiotic
Effects of nano-molybdenum fertilizers on mo-inefficient winter wheat grown in acidic soil,18,2021,Syaifudin,Pot,Mo,Foliar,Wheat,30.0,class A,50.0,ClassC,grain yield/plant,Yield,3,18.32,0.294448637,3,26.8,0.952627944,0.380408528,0.000507277,Stress,46.28820956736814,18,Acid,Abiotic
Cerium oxide nanoparticles alleviates stress in wheat grown on Cd contaminated alkaline soil,19,2023,"Ayub, Muhammad Ashar",Field,Ce,Foliar,Wheat,50.0,class B,200.0,ClassD,hundreds grams,Yield,3,2.223214286,1.066964286,3,2.620535714,0.712053571,0.164424743,0.101384997,Stress,17.871485966943503,19,Heavy_Metal,Abiotic
Cerium oxide nanoparticles alleviates stress in wheat grown on Cd contaminated alkaline soil,19,2023,"Ayub, Muhammad Ashar",Field,Ce,Foliar,Wheat,50.0,class B,400.0,ClassE,hundreds grams,Yield,3,2.223214286,1.066964286,3,2.633928571,0.714285714,0.16952246,0.101288328,Stress,18.473895597125267,19,Heavy_Metal,Abiotic
Cerium oxide nanoparticles alleviates stress in wheat grown on Cd contaminated alkaline soil,19,2023,"Ayub, Muhammad Ashar",Field,Ce,Foliar,Wheat,50.0,class B,600.0,ClassE,hundreds grams,Yield,3,2.223214286,1.066964286,3,2.979910714,0.542410714,0.292939313,0.087818359,Stress,34.0361445448375,19,Heavy_Metal,Abiotic
Cerium oxide nanoparticles alleviates stress in wheat grown on Cd contaminated alkaline soil,19,2023,"Ayub, Muhammad Ashar",Field,Ce,Foliar,Wheat,50.0,class B,1000.0,ClassF,hundreds grams,Yield,3,2.223214286,1.066964286,3,3.232142857,0.633928571,0.374191315,0.089596965,Stress,45.38152605192571,19,Heavy_Metal,Abiotic
Cerium oxide nanoparticles alleviates stress in wheat grown on Cd contaminated alkaline soil,19,2023,"Ayub, Muhammad Ashar",Field,Ce,Foliar,Wheat,50.0,class B,200.0,ClassD,grain yield/plant,Yield,3,5.078651685,1.435705368,3,6.904494382,0.608614232,0.307126749,0.029228667,Stress,35.951327409992054,19,Heavy_Metal,Abiotic
Cerium oxide nanoparticles alleviates stress in wheat grown on Cd contaminated alkaline soil,19,2023,"Ayub, Muhammad Ashar",Field,Ce,Foliar,Wheat,50.0,class B,400.0,ClassE,grain yield/plant,Yield,3,5.078651685,1.435705368,3,7.528714107,1.154806492,0.393678448,0.034481189,Stress,48.242379569207095,19,Heavy_Metal,Abiotic
Cerium oxide nanoparticles alleviates stress in wheat grown on Cd contaminated alkaline soil,19,2023,"Ayub, Muhammad Ashar",Field,Ce,Foliar,Wheat,50.0,class B,600.0,ClassE,grain yield/plant,Yield,3,5.078651685,1.435705368,3,8.059300874,1.217228464,0.461781003,0.034242427,Stress,58.68977393250403,19,Heavy_Metal,Abiotic
Cerium oxide nanoparticles alleviates stress in wheat grown on Cd contaminated alkaline soil,19,2023,"Ayub, Muhammad Ashar",Field,Ce,Foliar,Wheat,50.0,class B,1000.0,ClassF,grain yield/plant,Yield,3,5.078651685,1.435705368,3,8.496254682,1.638576779,0.514579631,0.039036832,Stress,67.29351039078593,19,Heavy_Metal,Abiotic
Cerium oxide nanoparticles alleviates stress in wheat grown on Cd contaminated alkaline soil,19,2023,"Ayub, Muhammad Ashar",Field,Ce,Foliar,Wheat,50.0,class B,200.0,ClassD,hundreds grams,Yield,3,1.8125,0.491071429,3,2.229910714,0.584821429,0.207254438,0.04739593,Stress,23.029556590346225,19,Heavy_Metal,Abiotic
Cerium oxide nanoparticles alleviates stress in wheat grown on Cd contaminated alkaline soil,19,2023,"Ayub, Muhammad Ashar",Field,Ce,Foliar,Wheat,50.0,class B,400.0,ClassE,hundreds grams,Yield,3,1.8125,0.491071429,3,2.292410714,0.229910714,0.23489687,0.027821601,Stress,26.47783254179974,19,Heavy_Metal,Abiotic
Cerium oxide nanoparticles alleviates stress in wheat grown on Cd contaminated alkaline soil,19,2023,"Ayub, Muhammad Ashar",Field,Ce,Foliar,Wheat,50.0,class B,600.0,ClassE,hundreds grams,Yield,3,1.8125,0.491071429,3,2.330357143,0.301339286,0.251314428,0.030042487,Stress,28.571428535312073,19,Heavy_Metal,Abiotic
Cerium oxide nanoparticles alleviates stress in wheat grown on Cd contaminated alkaline soil,19,2023,"Ayub, Muhammad Ashar",Field,Ce,Foliar,Wheat,50.0,class B,1000.0,ClassF,hundreds grams,Yield,3,1.8125,0.491071429,3,2.627232143,0.448660714,0.371223767,0.034189921,Stress,44.95073890196419,19,Heavy_Metal,Abiotic
Cerium oxide nanoparticles alleviates stress in wheat grown on Cd contaminated alkaline soil,19,2023,"Ayub, Muhammad Ashar",Field,Ce,Foliar,Wheat,50.0,class B,200.0,ClassD,grain yield/plant,Yield,3,4.392009988,0.873907615,3,6.79525593,0.79588015,0.436437733,0.017769833,Stress,54.71859008686641,19,Heavy_Metal,Abiotic
Cerium oxide nanoparticles alleviates stress in wheat grown on Cd contaminated alkaline soil,19,2023,"Ayub, Muhammad Ashar",Field,Ce,Foliar,Wheat,50.0,class B,400.0,ClassE,grain yield/plant,Yield,3,4.392009988,0.873907615,3,6.514357054,1.201622971,0.39422154,0.024538782,Stress,48.32291068553523,19,Heavy_Metal,Abiotic
Cerium oxide nanoparticles alleviates stress in wheat grown on Cd contaminated alkaline soil,19,2023,"Ayub, Muhammad Ashar",Field,Ce,Foliar,Wheat,50.0,class B,600.0,ClassE,grain yield/plant,Yield,3,4.392009988,0.873907615,3,7.310237203,1.014357054,0.509488744,0.019615209,Stress,66.44400224327904,19,Heavy_Metal,Abiotic
Cerium oxide nanoparticles alleviates stress in wheat grown on Cd contaminated alkaline soil,19,2023,"Ayub, Muhammad Ashar",Field,Ce,Foliar,Wheat,50.0,class B,1000.0,ClassF,grain yield/plant,Yield,3,4.392009988,0.873907615,3,7.403870162,1.84144819,0.52221588,0.033816838,Stress,68.57589536614496,19,Heavy_Metal,Abiotic
Cerium oxide nanoparticles alleviates stress in wheat grown on Cd contaminated alkaline soil,19,2023,"Ayub, Muhammad Ashar",Field,Ce,Foliar,Wheat,50.0,class B,200.0,ClassD,hundreds grams,Yield,3,1.375,0.162946429,3,1.814732143,0.482142857,0.277484146,0.028210354,Stress,31.98051947863336,19,Heavy_Metal,Abiotic
Cerium oxide nanoparticles alleviates stress in wheat grown on Cd contaminated alkaline soil,19,2023,"Ayub, Muhammad Ashar",Field,Ce,Foliar,Wheat,50.0,class B,400.0,ClassE,hundreds grams,Yield,3,1.375,0.162946429,3,1.993303571,0.667410714,0.371339617,0.042050842,Stress,44.96753241781162,19,Heavy_Metal,Abiotic
Cerium oxide nanoparticles alleviates stress in wheat grown on Cd contaminated alkaline soil,19,2023,"Ayub, Muhammad Ashar",Field,Ce,Foliar,Wheat,50.0,class B,600.0,ClassE,hundreds grams,Yield,3,1.375,0.162946429,3,2.145089286,0.397321429,0.444727446,0.016117206,Stress,56.00649359436063,19,Heavy_Metal,Abiotic
Cerium oxide nanoparticles alleviates stress in wheat grown on Cd contaminated alkaline soil,19,2023,"Ayub, Muhammad Ashar",Field,Ce,Foliar,Wheat,50.0,class B,1000.0,ClassF,hundreds grams,Yield,3,1.375,0.162946429,3,2.330357143,0.506696429,0.527567805,0.020440292,Stress,69.48051949593133,19,Heavy_Metal,Abiotic
Cerium oxide nanoparticles alleviates stress in wheat grown on Cd contaminated alkaline soil,19,2023,"Ayub, Muhammad Ashar",Field,Ce,Foliar,Wheat,50.0,class B,200.0,ClassD,grain yield/plant,Yield,3,3.471285893,0.827091136,3,4.064294632,0.967540574,0.157715106,0.037814285,Stress,17.083258400989386,19,Heavy_Metal,Abiotic
Cerium oxide nanoparticles alleviates stress in wheat grown on Cd contaminated alkaline soil,19,2023,"Ayub, Muhammad Ashar",Field,Ce,Foliar,Wheat,50.0,class B,400.0,ClassE,grain yield/plant,Yield,3,3.471285893,0.827091136,3,5.437578027,1.014357054,0.448808646,0.030523413,Stress,56.644488302472595,19,Heavy_Metal,Abiotic
Cerium oxide nanoparticles alleviates stress in wheat grown on Cd contaminated alkaline soil,19,2023,"Ayub, Muhammad Ashar",Field,Ce,Foliar,Wheat,50.0,class B,600.0,ClassE,grain yield/plant,Yield,3,3.471285893,0.827091136,3,5.5,1.84144819,0.460222993,0.056289277,Stress,58.44272617922803,19,Heavy_Metal,Abiotic
Cerium oxide nanoparticles alleviates stress in wheat grown on Cd contaminated alkaline soil,19,2023,"Ayub, Muhammad Ashar",Field,Ce,Foliar,Wheat,50.0,class B,1000.0,ClassF,grain yield/plant,Yield,3,3.471285893,0.827091136,3,6.24906367,1.04556804,0.58790654,0.028255184,Stress,80.02157881097378,19,Heavy_Metal,Abiotic
Role of nanosilicab to boost the activities of metabolites in Triticum aestivum facing drought stress,20,2022,Akhtar,Pot,Si,Soil,Wheat,30.0,class A,150.0,ClassD,hundreds grams,Yield,3,2.34,0.0034,3,2.49,0.0042,0.062131781,1.65e-06,Stress,6.410256398869851,20,Drought,Abiotic
Biochar and Selenium Nanoparticles Induce Water Transporter Genes for Sustaining Carbon Assimilation and Grain Production in Salt-Stressed Wheat,21,2023,Soliman,Pot,Se,Foliar,Wheat,80.0,class C,30.0,ClassB,grain yield/plant,Yield,3,29.91189427,1.778,3,14.53744493,1.2893,-0.721528473,0.00379962,Stress,-51.39911634279879,21,Salt,Abiotic
"Bespoke ZnO NPs Synthesis Platform to Optimize Their Performance for Improving the Grain Yield, Zinc Biofortification, and Cd Mitigation in Wheat",22,2024,Jiapan Lian,Field,Zn,Foliar,Wheat,21.78,class A,100.0,ClassD,grain yield/plant,Yield,3,4.341059603,0.218543046,3,4.450331126,0.213576159,0.024860037,0.001612529,Stress,2.5171624386524094,22,Heavy_Metal,Abiotic
"Bespoke ZnO NPs Synthesis Platform to Optimize Their Performance for Improving the Grain Yield, Zinc Biofortification, and Cd Mitigation in Wheat",22,2024,Jiapan Lian,Field,Zn,Foliar,Wheat,37.84,class B,100.0,ClassD,grain yield/plant,Yield,3,4.341059603,0.218543046,3,4.48013245,0.149006623,0.031534144,0.001213544,Stress,3.203661285218118,22,Heavy_Metal,Abiotic
"Bespoke ZnO NPs Synthesis Platform to Optimize Their Performance for Improving the Grain Yield, Zinc Biofortification, and Cd Mitigation in Wheat",22,2024,Jiapan Lian,Field,Zn,Foliar,Wheat,128.54,class C,100.0,ClassD,grain yield/plant,Yield,3,4.341059603,0.218543046,3,5.021523179,0.44205298,0.145614843,0.003428005,Stress,15.675057166023997,22,Heavy_Metal,Abiotic
"Bespoke ZnO NPs Synthesis Platform to Optimize Their Performance for Improving the Grain Yield, Zinc Biofortification, and Cd Mitigation in Wheat",22,2024,Jiapan Lian,Field,Zn,Foliar,Wheat,21.78,class A,100.0,ClassD,thousands grams,Yield,3,41.50943396,2.935010482,3,42.70440252,1.027253669,0.028381293,0.001859377,Stress,2.878787926294746,22,Heavy_Metal,Abiotic
"Bespoke ZnO NPs Synthesis Platform to Optimize Their Performance for Improving the Grain Yield, Zinc Biofortification, and Cd Mitigation in Wheat",22,2024,Jiapan Lian,Field,Zn,Foliar,Wheat,37.84,class B,100.0,ClassD,thousands grams,Yield,3,41.50943396,2.935010482,3,44.59119497,0.293501048,0.071615692,0.001680938,Stress,7.42424247670237,22,Heavy_Metal,Abiotic
"Bespoke ZnO NPs Synthesis Platform to Optimize Their Performance for Improving the Grain Yield, Zinc Biofortification, and Cd Mitigation in Wheat",22,2024,Jiapan Lian,Field,Zn,Foliar,Wheat,128.54,class C,100.0,ClassD,thousands grams,Yield,3,41.50943396,2.935010482,3,39.87421384,1.761006289,-0.04019088,0.002316651,Stress,-3.939393883367037,22,Heavy_Metal,Abiotic
"Exogenous application of nano-silicon, potassium sulfate, or 
proline enhances physiological parameters, antioxidant enzyme 
activities, and agronomic traits of diverse rice genotypes under 
water deficit conditions",23,2024,Mohamed S. Abd-El-Aty,Field,Si,Foliar,Rice,30.0,class A,400.0,ClassE,thousands grams,Yield,3,34.25373134,4.029850746,3,34.70149254,3.955223881,0.012987196,0.008943976,Stress,1.3071895904210873,23,Drought,Abiotic
"Exogenous application of nano-silicon, potassium sulfate, or 
proline enhances physiological parameters, antioxidant enzyme 
activities, and agronomic traits of diverse rice genotypes under 
water deficit conditions",23,2024,Mohamed S. Abd-El-Aty,Field,Si,Foliar,Rice,30.0,class A,400.0,ClassE,grain yield/plant,Yield,3,7.017241379,1.120689655,3,7.844827586,1.103448276,0.111484234,0.015096929,Stress,11.793611848574525,23,Drought,Abiotic
"Exogenous application of nano-silicon, potassium sulfate, or 
proline enhances physiological parameters, antioxidant enzyme 
activities, and agronomic traits of diverse rice genotypes under 
water deficit conditions",23,2024,Mohamed S. Abd-El-Aty,Field,Si,Foliar,Rice,30.0,class A,400.0,ClassE,thousands grams,Yield,3,19.85074627,4.104477612,3,21.04477612,4.029850746,0.058410762,0.026473578,Stress,6.015037577402671,23,Drought,Abiotic
"Exogenous application of nano-silicon, potassium sulfate, or 
proline enhances physiological parameters, antioxidant enzyme 
activities, and agronomic traits of diverse rice genotypes under 
water deficit conditions",23,2024,Mohamed S. Abd-El-Aty,Field,Si,Foliar,Rice,30.0,class A,400.0,ClassE,grain yield/plant,Yield,3,7.034482759,1.086206897,3,8.120689655,1.086206897,0.14359092,0.013911395,Stress,15.441176515349863,23,Drought,Abiotic
"Exogenous application of nano-silicon, potassium sulfate, or 
proline enhances physiological parameters, antioxidant enzyme 
activities, and agronomic traits of diverse rice genotypes under 
water deficit conditions",23,2024,Mohamed S. Abd-El-Aty,Field,Si,Foliar,Rice,30.0,class A,400.0,ClassE,thousands grams,Yield,3,21.56716418,3.955223881,3,22.1641791,3.880597015,0.02730545,0.02142891,Stress,2.7681660190278734,23,Drought,Abiotic
"Exogenous application of nano-silicon, potassium sulfate, or 
proline enhances physiological parameters, antioxidant enzyme 
activities, and agronomic traits of diverse rice genotypes under 
water deficit conditions",23,2024,Mohamed S. Abd-El-Aty,Field,Si,Foliar,Rice,30.0,class A,400.0,ClassE,grain yield/plant,Yield,3,4.448275862,1.120689655,3,7.637931034,1.034482759,0.540610185,0.027272264,Stress,71.7054263353804,23,Drought,Abiotic
Modulations of wheat growth by selenium nanoparticles under salinity stress,24,2024,Sara Zafar,Pot,Se,Foliar,Wheat,37.0,class B,10.0,ClassA,thousands grams,Yield,3,25.30864198,1.111111111,3,32.59259259,2.098765432,0.252939124,0.002024668,Stress,28.780487803859668,24,Salt,Abiotic
Modulations of wheat growth by selenium nanoparticles under salinity stress,24,2024,Sara Zafar,Pot,Se,Foliar,Wheat,37.0,class B,50.0,ClassC,thousands grams,Yield,3,25.30864198,1.111111111,3,36.04938272,0.864197531,0.353743823,0.000834037,Stress,42.43902437174485,24,Salt,Abiotic
Modulations of wheat growth by selenium nanoparticles under salinity stress,24,2024,Sara Zafar,Pot,Se,Foliar,Wheat,37.0,class B,100.0,ClassD,thousands grams,Yield,4,25.30864198,1.111111111,4,37.90123457,0.864197531,0.403837768,0.000611831,Stress,49.756097493766724,24,Salt,Abiotic
"Seed priming with silicon nanoparticles improved the biomass and yield
while reduced the oxidative stress and cadmium concentration
in wheat grains",25,2019,Afzal Hussain,Pot,Si,Foliar,Wheat,30.0,class A,300.0,ClassE,grain yield/plant,Yield,4,10.14285714,0.5,4,12.71428571,0.392857143,0.225956493,0.000846203,Stress,25.352112714812147,25,Heavy_Metal,Abiotic
"Seed priming with silicon nanoparticles improved the biomass and yield
while reduced the oxidative stress and cadmium concentration
in wheat grains",25,2019,Afzal Hussain,Pot,Si,Foliar,Wheat,30.0,class A,600.0,ClassE,grain yield/plant,Yield,4,10.14285714,0.5,4,14.60714286,0.642857143,0.364740918,0.001091734,Stress,44.014084524094145,25,Heavy_Metal,Abiotic
"Seed priming with silicon nanoparticles improved the biomass and yield
while reduced the oxidative stress and cadmium concentration
in wheat grains",25,2019,Afzal Hussain,Pot,Si,Foliar,Wheat,30.0,class A,900.0,ClassE,grain yield/plant,Yield,4,10.14285714,0.5,4,15.35714286,0.5,0.414810971,0.000872526,Stress,51.40845077593208,25,Heavy_Metal,Abiotic
"Seed priming with silicon nanoparticles improved the biomass and yield
while reduced the oxidative stress and cadmium concentration
in wheat grains",25,2019,Afzal Hussain,Pot,Si,Foliar,Wheat,30.0,class A,1200.0,ClassF,grain yield/plant,Yield,4,10.14285714,0.5,4,16.42857143,0.464285714,0.482252252,0.000807188,Stress,61.97183109574298,25,Heavy_Metal,Abiotic
"Transcriptome Reveals the Rice Response to Elevated Free Air CO2
Concentration and TiO2 Nanoparticles",26,2019,Mei-Ling Xu,Pot,Ti,Soil,Rice,100.0,class C,200.0,ClassD,thousands grams,Yield,3,28.1,1.3,3,27.7,1.0,-0.014337163,0.001147862,Stress,-1.4234875300516703,26,Climatic_Stress,Abiotic
"Foliar Applied Selenium Nanoparticles Can Alleviate Soil Cadmium 
Stress Through Physio chemical and Stomatal Changes to Optimize 
Yield, Antioxidant Capacity, and Fatty Acid Profle of Wheat (Triticum 
aestivum L.)",27,2022,Leila Nasirzadeh,Pot,Se,Foliar,Wheat,40.0,class B,20.0,Class B,grains yield,Yield,5,13.29007634,0.429389313,5,14.67366412,0.143129771,0.099036714,0.000227803,Stress,10.410683499310824,27,Heavy_Metal,Abiotic
"Foliar Applied Selenium Nanoparticles Can Alleviate Soil Cadmium 
Stress Through Physio chemical and Stomatal Changes to Optimize 
Yield, Antioxidant Capacity, and Fatty Acid Profle of Wheat (Triticum 
aestivum L.)",27,2022,Leila Nasirzadeh,Pot,Se,Foliar,Wheat,40.0,class B,40.0,ClassB,grains yield,Yield,5,13.29007634,0.429389313,5,14.81679389,0.254452926,0.108743643,0.000267759,Stress,11.487650730729815,27,Heavy_Metal,Abiotic
"Foliar Applied Selenium Nanoparticles Can Alleviate Soil Cadmium 
Stress Through Physio chemical and Stomatal Changes to Optimize 
Yield, Antioxidant Capacity, and Fatty Acid Profle of Wheat (Triticum 
aestivum L.)",27,2022,Leila Nasirzadeh,Pot,Se,Foliar,Wheat,40.0,class B,20.0,Class B,grains yield,Yield,5,9.982188295,0.349872774,5,12.46310433,0.683842239,0.221970292,0.000847825,Stress,24.85342858567572,27,Heavy_Metal,Abiotic
"Foliar Applied Selenium Nanoparticles Can Alleviate Soil Cadmium 
Stress Through Physio chemical and Stomatal Changes to Optimize 
Yield, Antioxidant Capacity, and Fatty Acid Profle of Wheat (Triticum 
aestivum L.)",27,2022,Leila Nasirzadeh,Pot,Se,Foliar,Wheat,40.0,class B,40.0,ClassB,grains yield,Yield,5,9.982188295,0.349872774,5,12.31997455,0.636132316,0.210419558,0.000778915,Stress,23.4195768052915,27,Heavy_Metal,Abiotic
"Foliar Applied Selenium Nanoparticles Can Alleviate Soil Cadmium 
Stress Through Physio chemical and Stomatal Changes to Optimize 
Yield, Antioxidant Capacity, and Fatty Acid Profle of Wheat (Triticum 
aestivum L.)",27,2022,Leila Nasirzadeh,Pot,Se,Foliar,Wheat,40.0,class B,20.0,Class B,thousands grams,Yield,5,40.56152927,0.657108722,5,42.95101553,0.238948626,0.05724023,5.87e-05,Stress,5.891016183103082,27,Heavy_Metal,Abiotic
"Foliar Applied Selenium Nanoparticles Can Alleviate Soil Cadmium 
Stress Through Physio chemical and Stomatal Changes to Optimize 
Yield, Antioxidant Capacity, and Fatty Acid Profle of Wheat (Triticum 
aestivum L.)",27,2022,Leila Nasirzadeh,Pot,Se,Foliar,Wheat,40.0,class B,40.0,ClassB,thousands grams,Yield,5,40.56152927,0.657108722,5,43.42891278,0.477897252,0.06830535,7.67e-05,Stress,7.069219443049124,27,Heavy_Metal,Abiotic
"Foliar Applied Selenium Nanoparticles Can Alleviate Soil Cadmium 
Stress Through Physio chemical and Stomatal Changes to Optimize 
Yield, Antioxidant Capacity, and Fatty Acid Profle of Wheat (Triticum 
aestivum L.)",27,2022,Leila Nasirzadeh,Pot,Se,Foliar,Wheat,40.0,class B,20.0,Class B,thousands grams,Yield,5,33.63201912,0.657216249,5,36.260454,0.597371565,0.075249163,0.000130655,Stress,7.815275319480741,27,Heavy_Metal,Abiotic
"Foliar Applied Selenium Nanoparticles Can Alleviate Soil Cadmium 
Stress Through Physio chemical and Stomatal Changes to Optimize 
Yield, Antioxidant Capacity, and Fatty Acid Profle of Wheat (Triticum 
aestivum L.)",27,2022,Leila Nasirzadeh,Pot,Se,Foliar,Wheat,40.0,class B,40.0,ClassB,thousands grams,Yield,5,33.63201912,0.657216249,5,37.03703704,1.135005974,0.09643985,0.000264198,Stress,10.124333936472985,27,Heavy_Metal,Abiotic
"Simultaneous mitigation of cadmium and drought stress in wheat by
soil application of iron nanoparticles",28,2020,Muhammad Adrees,Pot,Fe,Soil,Wheat,100.0,class C,25.0,ClassB,grain yield/plant,Yield,4,5.413793103,0.287356322,4,7.459770115,0.344827586,0.320574623,0.00123852,Stress,37.79193210248424,28,Drought,Abiotic
"Simultaneous mitigation of cadmium and drought stress in wheat by
soil application of iron nanoparticles",28,2020,Muhammad Adrees,Pot,Fe,Soil,Wheat,100.0,class C,50.0,ClassC,grain yield/plant,Yield,4,5.413793103,0.287356322,4,8.701149425,0.620689655,0.474505159,0.001976476,Stress,60.721868297511584,28,Drought,Abiotic
"Simultaneous mitigation of cadmium and drought stress in wheat by
soil application of iron nanoparticles",28,2020,Muhammad Adrees,Pot,Fe,Soil,Wheat,100.0,class C,100.0,ClassD,grain yield/plant,Yield,4,5.413793103,0.287356322,4,9.551724138,0.551724138,0.567771701,0.001538438,Stress,76.43312104750864,28,Drought,Abiotic
"The accumulation of cadmium in wheat (Triticum aestivum)
as influenced by zinc oxide nanoparticles and soil moisture
conditions",29,2019,Zahra Saeed Khan,Pot,Zn,Soil,Wheat,30.0,class A,25.0,ClassB,grain yield/plant,Yield,4,5.90990991,0.252252252,4,7.801801802,0.486486486,0.27772412,0.001427515,Stress,32.01219517233418,29,Drought,Abiotic
"The accumulation of cadmium in wheat (Triticum aestivum)
as influenced by zinc oxide nanoparticles and soil moisture
conditions",29,2019,Zahra Saeed Khan,Pot,Zn,Soil,Wheat,30.0,class A,50.0,ClassC,grain yield/plant,Yield,4,5.90990991,0.252252252,4,9.117117117,0.522522523,0.433523061,0.001276632,Stress,54.26829269784121,29,Drought,Abiotic
"The accumulation of cadmium in wheat (Triticum aestivum)
as influenced by zinc oxide nanoparticles and soil moisture
conditions",29,2019,Zahra Saeed Khan,Pot,Zn,Soil,Wheat,30.0,class A,100.0,ClassD,grain yield/plant,Yield,4,5.90990991,0.252252252,4,9.981981982,0.468468468,0.524151078,0.001006097,Stress,68.90243896305502,29,Drought,Abiotic
"Heat Waves Coupled with Nanoparticles
Induce Yield and Nutritional Losses in Rice by
Regulating Stomatal Closure",30,2024,Shuqing Guo,Pot,Ce,Foliar,Rice,20.0,class A,100.0,ClassD,grain yield/plant,Yield,6,9.876923077,0.830769231,6,9.907692308,0.692307692,0.003110422,0.001992913,Stress,0.3115264381824412,30,Climatic_Stress,Abiotic
"Foliar application of iron-based nanofertilizers to
wheat grown in a Cd-contaminated field:
implications for food safety and biofortification",32,2024,Jiapan Lian,Field,Fe,Foliar,Rice,51.5,class B,50.0,ClassC,thousands grams,Yield,4,45.76344086,1.462365591,4,45.07526882,0.731182796,-0.015151805,0.000321062,Stress,-1.503759396466997,32,Heavy_Metal,Abiotic
"Foliar application of iron-based nanofertilizers to
wheat grown in a Cd-contaminated field:
implications for food safety and biofortification",32,2024,Jiapan Lian,Field,Fe,Foliar,Rice,58.0,class B,50.0,ClassC,thousands grams,Yield,4,45.76344086,1.462365591,4,45.46236559,0.817204301,-0.006600684,0.000336057,Stress,-0.6578947337275265,32,Heavy_Metal,Abiotic
"Foliar application of iron-based nanofertilizers to
wheat grown in a Cd-contaminated field:
implications for food safety and biofortification",32,2024,Jiapan Lian,Field,Fe,Foliar,Rice,19.4,class A,50.0,ClassC,thousands grams,Yield,4,45.76344086,1.462365591,4,46.02150538,0.989247312,0.005623258,0.000370791,Stress,0.5639098192511627,32,Heavy_Metal,Abiotic
"Foliar application of iron-based nanofertilizers to
wheat grown in a Cd-contaminated field:
implications for food safety and biofortification",32,2024,Jiapan Lian,Field,Fe,Foliar,Rice,24.8,class A,50.0,ClassC,thousands grams,Yield,4,45.76344086,1.462365591,4,46.53763441,1.677419355,0.01677579,0.000580078,Stress,1.691729373662243,32,Heavy_Metal,Abiotic
"Foliar application of iron-based nanofertilizers to
wheat grown in a Cd-contaminated field:
implications for food safety and biofortification",32,2024,Jiapan Lian,Field,Fe,Foliar,Rice,51.5,class B,50.0,ClassC,grains yield,Yield,4,5.823529412,0.211764706,4,6.129411765,0.217647059,0.051192279,0.000645794,Stress,5.252525233087568,32,Heavy_Metal,Abiotic
"Foliar application of iron-based nanofertilizers to
wheat grown in a Cd-contaminated field:
implications for food safety and biofortification",32,2024,Jiapan Lian,Field,Fe,Foliar,Rice,58.0,class B,50.0,ClassC,grains yield,Yield,4,5.823529412,0.211764706,4,6.005882353,0.376470588,0.030832875,0.001312888,Stress,3.1313131275973127,32,Heavy_Metal,Abiotic
"Foliar application of iron-based nanofertilizers to
wheat grown in a Cd-contaminated field:
implications for food safety and biofortification",32,2024,Jiapan Lian,Field,Fe,Foliar,Rice,19.4,class A,50.0,ClassC,grains yield,Yield,4,5.823529412,0.211764706,4,6.135294118,0.282352941,0.052151512,0.000860064,Stress,5.353535367006179,32,Heavy_Metal,Abiotic
"Foliar application of iron-based nanofertilizers to
wheat grown in a Cd-contaminated field:
implications for food safety and biofortification",32,2024,Jiapan Lian,Field,Fe,Foliar,Rice,24.8,class A,50.0,ClassC,grains yield,Yield,4,5.823529412,0.211764706,4,6.311764706,0.458823529,0.080508799,0.00165166,Stress,8.383838329422888,32,Heavy_Metal,Abiotic
Effect of green and chemically synthesized titanium dioxide nanoparticles on cadmium accumulation in wheat grains and potential dietary health risk: A field investigation,33,2021,Muhammad Atif Irshad,Field,Ti,Foliar,Wheat,13.0,class A,100.0,ClassD,grain yield/plant,Yield,4,4.92641,0.26074,4,5.55962,0.18092,0.120919233,0.000965058,Stress,12.853376040013176,33,Heavy_Metal,Abiotic
Effect of green and chemically synthesized titanium dioxide nanoparticles on cadmium accumulation in wheat grains and potential dietary health risk: A field investigation,33,2021,Muhammad Atif Irshad,Field,Ti,Foliar,Wheat,8.0,class A,100.0,ClassD,grain yield/plant,Yield,4,4.92641,0.26074,4,6.17687,0.11706,0.226201143,0.000790105,Stress,25.382783860882796,33,Heavy_Metal,Abiotic
Effect of green and chemically synthesized titanium dioxide nanoparticles on cadmium accumulation in wheat grains and potential dietary health risk: A field investigation,33,2021,Muhammad Atif Irshad,Field,Ti,Foliar,Wheat,8.0,class A,100.0,ClassD,grain yield/plant,Yield,4,4.92641,0.26074,4,6.83136,0.05854,0.326913247,0.000718675,Stress,38.66811732101929,33,Heavy_Metal,Abiotic
"Influence of Nano Silicon and Nano Selenium on Root Characters, Growth, Ion Selectivity, Yield, and Yield Components of Rice  under Salinity Conditions",34,2021,Shimaa A. Badawy,Field,Si,Seed,Rice,10.0,class A,12.5,ClassA,thousands grams,Yield,4,19.4,3.88,4,22.3,4.46,0.139313612,0.02,Stress,14.948453562636942,34,Salt,Abiotic
"Influence of Nano Silicon and Nano Selenium on Root Characters, Growth, Ion Selectivity, Yield, and Yield Components of Rice  under Salinity Conditions",34,2021,Shimaa A. Badawy,Field,Se,Seed,Rice,100.0,class C,6.25,ClassA,thousands grams,Yield,4,19.4,3.88,4,23.5,4.7,0.191727355,0.02,Stress,21.134020608765347,34,Salt,Abiotic
"Influence of Nano Silicon and Nano Selenium on Root Characters, Growth, Ion Selectivity, Yield, and Yield Components of Rice  under Salinity Conditions",34,2021,Shimaa A. Badawy,Field,Si,Foliar,Rice,10.0,class A,12.5,ClassA,thousands grams,Yield,4,19.4,3.88,4,22.2,4.44,0.134819223,0.02,Stress,14.432989712583911,34,Salt,Abiotic
"Influence of Nano Silicon and Nano Selenium on Root Characters, Growth, Ion Selectivity, Yield, and Yield Components of Rice  under Salinity Conditions",34,2021,Shimaa A. Badawy,Field,Si,Foliar,Rice,10.0,class A,12.5,ClassA,thousands grams,Yield,4,19.4,3.88,4,22.1,4.42,0.130304542,0.02,Stress,13.917525721428948,34,Salt,Abiotic
"Influence of Nano Silicon and Nano Selenium on Root Characters, Growth, Ion Selectivity, Yield, and Yield Components of Rice  under Salinity Conditions",34,2021,Shimaa A. Badawy,Field,Si,Foliar,Rice,10.0,class A,12.5,ClassA,thousands grams,Yield,4,19.4,3.88,4,24.6,4.92,0.237473377,0.02,Stress,26.80412372794716,34,Salt,Abiotic
"Influence of Nano Silicon and Nano Selenium on Root Characters, Growth, Ion Selectivity, Yield, and Yield Components of Rice  under Salinity Conditions",34,2021,Shimaa A. Badawy,Field,Se,Foliar,Rice,100.0,class C,6.25,ClassA,thousands grams,Yield,4,19.4,3.88,4,22.4,4.48,0.143787893,0.02,Stress,15.46391754982297,34,Salt,Abiotic
"Influence of Nano Silicon and Nano Selenium on Root Characters, Growth, Ion Selectivity, Yield, and Yield Components of Rice  under Salinity Conditions",34,2021,Shimaa A. Badawy,Field,Se,Foliar,Rice,100.0,class C,6.25,ClassA,thousands grams,Yield,4,19.4,3.88,4,22.3,4.46,0.139313612,0.02,Stress,14.948453562636942,34,Salt,Abiotic
"Influence of Nano Silicon and Nano Selenium on Root Characters, Growth, Ion Selectivity, Yield, and Yield Components of Rice  under Salinity Conditions",34,2021,Shimaa A. Badawy,Field,Se,Foliar,Rice,100.0,class C,6.25,ClassA,thousands grams,Yield,4,19.4,3.88,4,23.8,4.76,0.204412515,0.02,Stress,22.680412419206753,34,Salt,Abiotic
"Influence of Nano Silicon and Nano Selenium on Root Characters, Growth, Ion Selectivity, Yield, and Yield Components of Rice  under Salinity Conditions",34,2021,Shimaa A. Badawy,Field,Si,Seed,Rice,10.0,class A,12.5,ClassA,thousands grams,Yield,4,19.5,3.9,4,22.2,4.44,0.129677823,0.02,Stress,13.846153811028582,34,Salt,Abiotic
"Influence of Nano Silicon and Nano Selenium on Root Characters, Growth, Ion Selectivity, Yield, and Yield Components of Rice  under Salinity Conditions",34,2021,Shimaa A. Badawy,Field,Se,Seed,Rice,100.0,class C,6.25,ClassA,thousands grams,Yield,4,19.5,3.9,4,23.2,4.64,0.173737813,0.02,Stress,18.97435896215658,34,Salt,Abiotic
"Influence of Nano Silicon and Nano Selenium on Root Characters, Growth, Ion Selectivity, Yield, and Yield Components of Rice  under Salinity Conditions",34,2021,Shimaa A. Badawy,Field,Si,Foliar,Rice,10.0,class A,12.5,ClassA,thousands grams,Yield,4,19.5,3.9,4,22.0,4.4,0.120627988,0.02,Stress,12.82051284436141,34,Salt,Abiotic
"Influence of Nano Silicon and Nano Selenium on Root Characters, Growth, Ion Selectivity, Yield, and Yield Components of Rice  under Salinity Conditions",34,2021,Shimaa A. Badawy,Field,Si,Foliar,Rice,10.0,class A,12.5,ClassA,thousands grams,Yield,4,19.5,3.9,4,22.2,4.44,0.129677823,0.02,Stress,13.846153811028582,34,Salt,Abiotic
"Influence of Nano Silicon and Nano Selenium on Root Characters, Growth, Ion Selectivity, Yield, and Yield Components of Rice  under Salinity Conditions",34,2021,Shimaa A. Badawy,Field,Si,Foliar,Rice,10.0,class A,12.5,ClassA,thousands grams,Yield,4,19.5,3.9,4,23.9,4.78,0.203463993,0.02,Stress,22.56410251902792,34,Salt,Abiotic
"Influence of Nano Silicon and Nano Selenium on Root Characters, Growth, Ion Selectivity, Yield, and Yield Components of Rice  under Salinity Conditions",34,2021,Shimaa A. Badawy,Field,Se,Foliar,Rice,100.0,class C,6.25,ClassA,thousands grams,Yield,4,19.5,3.9,4,22.6,4.52,0.147535441,0.02,Stress,15.897435931215465,34,Salt,Abiotic
"Influence of Nano Silicon and Nano Selenium on Root Characters, Growth, Ion Selectivity, Yield, and Yield Components of Rice  under Salinity Conditions",34,2021,Shimaa A. Badawy,Field,Se,Foliar,Rice,100.0,class C,6.25,ClassA,thousands grams,Yield,4,19.5,3.9,4,22.1,4.42,0.125163143,0.02,Stress,13.333333338545984,34,Salt,Abiotic
"Influence of Nano Silicon and Nano Selenium on Root Characters, Growth, Ion Selectivity, Yield, and Yield Components of Rice  under Salinity Conditions",34,2021,Shimaa A. Badawy,Field,Se,Foliar,Rice,100.0,class C,6.25,ClassA,thousands grams,Yield,4,19.5,3.9,4,23.3,4.66,0.178038895,0.02,Stress,19.487179486946026,34,Salt,Abiotic
"Influence of Nano Silicon and Nano Selenium on Root Characters, Growth, Ion Selectivity, Yield, and Yield Components of Rice  under Salinity Conditions",34,2021,Shimaa A. Badawy,Field,Si,Seed,Rice,10.0,class A,12.5,ClassA,grains yield,Yield,4,3.78,0.756,4,4.26,0.852,0.119545151,0.02,Stress,12.698412737881636,34,Salt,Abiotic
"Influence of Nano Silicon and Nano Selenium on Root Characters, Growth, Ion Selectivity, Yield, and Yield Components of Rice  under Salinity Conditions",34,2021,Shimaa A. Badawy,Field,Se,Seed,Rice,100.0,class C,6.25,ClassA,grains yield,Yield,4,3.78,0.756,4,5.0,1.0,0.279713903,0.02,Stress,32.27513230124286,34,Salt,Abiotic
"Influence of Nano Silicon and Nano Selenium on Root Characters, Growth, Ion Selectivity, Yield, and Yield Components of Rice  under Salinity Conditions",34,2021,Shimaa A. Badawy,Field,Si,Foliar,Rice,10.0,class A,12.5,ClassA,grains yield,Yield,4,3.78,0.756,4,4.43,0.886,0.158675574,0.02,Stress,17.19576714589477,34,Salt,Abiotic
"Influence of Nano Silicon and Nano Selenium on Root Characters, Growth, Ion Selectivity, Yield, and Yield Components of Rice  under Salinity Conditions",34,2021,Shimaa A. Badawy,Field,Si,Foliar,Rice,10.0,class A,12.5,ClassA,grains yield,Yield,4,3.78,0.756,4,4.26,0.852,0.119545151,0.02,Stress,12.698412737881636,34,Salt,Abiotic
"Influence of Nano Silicon and Nano Selenium on Root Characters, Growth, Ion Selectivity, Yield, and Yield Components of Rice  under Salinity Conditions",34,2021,Shimaa A. Badawy,Field,Si,Foliar,Rice,10.0,class A,12.5,ClassA,grains yield,Yield,4,3.78,0.756,4,4.91,0.982,0.261549932,0.02,Stress,29.894179871457126,34,Salt,Abiotic
"Influence of Nano Silicon and Nano Selenium on Root Characters, Growth, Ion Selectivity, Yield, and Yield Components of Rice  under Salinity Conditions",34,2021,Shimaa A. Badawy,Field,Se,Foliar,Rice,100.0,class C,6.25,ClassA,grains yield,Yield,4,3.78,0.756,4,4.83,0.966,0.245122458,0.02,Stress,27.777777773563027,34,Salt,Abiotic
"Influence of Nano Silicon and Nano Selenium on Root Characters, Growth, Ion Selectivity, Yield, and Yield Components of Rice  under Salinity Conditions",34,2021,Shimaa A. Badawy,Field,Se,Foliar,Rice,100.0,class C,6.25,ClassA,grains yield,Yield,4,3.78,0.756,4,4.24,0.848,0.11483926,0.02,Stress,12.16931221279236,34,Salt,Abiotic
"Influence of Nano Silicon and Nano Selenium on Root Characters, Growth, Ion Selectivity, Yield, and Yield Components of Rice  under Salinity Conditions",34,2021,Shimaa A. Badawy,Field,Se,Foliar,Rice,100.0,class C,6.25,ClassA,grains yield,Yield,4,3.78,0.756,4,4.68,0.936,0.2135741,0.02,Stress,23.809523772621265,34,Salt,Abiotic
"Influence of Nano Silicon and Nano Selenium on Root Characters, Growth, Ion Selectivity, Yield, and Yield Components of Rice  under Salinity Conditions",34,2021,Shimaa A. Badawy,Field,Si,Seed,Rice,10.0,class A,12.5,ClassA,grains yield,Yield,4,4.49,0.898,4,5.08,1.016,0.12345856,0.02,Stress,13.140311822538164,34,Salt,Abiotic
"Influence of Nano Silicon and Nano Selenium on Root Characters, Growth, Ion Selectivity, Yield, and Yield Components of Rice  under Salinity Conditions",34,2021,Shimaa A. Badawy,Field,Se,Seed,Rice,100.0,class C,6.25,ClassA,grains yield,Yield,4,4.49,0.898,4,5.41,1.082,0.186396391,0.02,Stress,20.489977715726738,34,Salt,Abiotic
"Influence of Nano Silicon and Nano Selenium on Root Characters, Growth, Ion Selectivity, Yield, and Yield Components of Rice  under Salinity Conditions",34,2021,Shimaa A. Badawy,Field,Si,Foliar,Rice,10.0,class A,12.5,ClassA,grains yield,Yield,4,4.49,0.898,4,4.97,0.994,0.101567138,0.02,Stress,10.690423123357661,34,Salt,Abiotic
"Influence of Nano Silicon and Nano Selenium on Root Characters, Growth, Ion Selectivity, Yield, and Yield Components of Rice  under Salinity Conditions",34,2021,Shimaa A. Badawy,Field,Si,Foliar,Rice,10.0,class A,12.5,ClassA,grains yield,Yield,4,4.49,0.898,4,4.96,0.992,0.099553039,0.02,Stress,10.46770601527709,34,Salt,Abiotic
"Influence of Nano Silicon and Nano Selenium on Root Characters, Growth, Ion Selectivity, Yield, and Yield Components of Rice  under Salinity Conditions",34,2021,Shimaa A. Badawy,Field,Si,Foliar,Rice,10.0,class A,12.5,ClassA,grains yield,Yield,4,4.49,0.898,4,5.34,1.068,0.173372951,0.02,Stress,18.93095765782178,34,Salt,Abiotic
"Influence of Nano Silicon and Nano Selenium on Root Characters, Growth, Ion Selectivity, Yield, and Yield Components of Rice  under Salinity Conditions",34,2021,Shimaa A. Badawy,Field,Se,Foliar,Rice,100.0,class C,6.25,ClassA,grains yield,Yield,4,4.49,0.898,4,5.12,1.024,0.131301737,0.02,Stress,14.031180366994711,34,Salt,Abiotic
"Influence of Nano Silicon and Nano Selenium on Root Characters, Growth, Ion Selectivity, Yield, and Yield Components of Rice  under Salinity Conditions",34,2021,Shimaa A. Badawy,Field,Se,Foliar,Rice,100.0,class C,6.25,ClassA,grains yield,Yield,4,4.49,0.898,4,4.99,0.998,0.105583208,0.02,Stress,11.135857459994902,34,Salt,Abiotic
"Influence of Nano Silicon and Nano Selenium on Root Characters, Growth, Ion Selectivity, Yield, and Yield Components of Rice  under Salinity Conditions",34,2021,Shimaa A. Badawy,Field,Se,Foliar,Rice,100.0,class C,6.25,ClassA,grains yield,Yield,4,4.49,0.898,4,5.04,1.008,0.11555338,0.02,Stress,12.24944317018406,34,Salt,Abiotic
Foliar Spraying of Nano-Silicate and Nano-Zinc on Wheat Under Salt Stress Conditions Enhances Productivity and Reduces the Optimal Nitrogen Fertilizer Rate,35,2023,Ali M. Ali,Field,Zn,Foliar,Wheat,43.9,class B,100.0,ClassD,grains yield,Yield,3,0.741,0.11115,3,1.051,0.15765,0.349496746,0.015,Stress,41.83535768427957,35,Salt,Abiotic
Foliar Spraying of Nano-Silicate and Nano-Zinc on Wheat Under Salt Stress Conditions Enhances Productivity and Reduces the Optimal Nitrogen Fertilizer Rate,35,2023,Ali M. Ali,Field,Zn,Foliar,Wheat,43.9,class B,100.0,ClassD,grains yield,Yield,3,1.424,0.2136,3,1.838,0.2757,0.255208211,0.015,Stress,29.073033715130524,35,Salt,Abiotic
Foliar Spraying of Nano-Silicate and Nano-Zinc on Wheat Under Salt Stress Conditions Enhances Productivity and Reduces the Optimal Nitrogen Fertilizer Rate,35,2023,Ali M. Ali,Field,Zn,Foliar,Wheat,43.9,class B,100.0,ClassD,grains yield,Yield,3,1.956,0.2934,3,3.011,0.45165,0.431370678,0.015,Stress,53.93660533437268,35,Salt,Abiotic
Foliar Spraying of Nano-Silicate and Nano-Zinc on Wheat Under Salt Stress Conditions Enhances Productivity and Reduces the Optimal Nitrogen Fertilizer Rate,35,2023,Ali M. Ali,Field,Zn,Foliar,Wheat,43.9,class B,100.0,ClassD,grains yield,Yield,3,2.774,0.4161,3,4.213,0.63195,0.417884661,0.015,Stress,51.8745493713352,35,Salt,Abiotic
Foliar Spraying of Nano-Silicate and Nano-Zinc on Wheat Under Salt Stress Conditions Enhances Productivity and Reduces the Optimal Nitrogen Fertilizer Rate,35,2023,Ali M. Ali,Field,Zn,Foliar,Wheat,43.9,class B,100.0,ClassD,grains yield,Yield,3,3.155,0.47325,3,4.612,0.6918,0.379673106,0.015,Stress,46.18066554967704,35,Salt,Abiotic
Foliar Spraying of Nano-Silicate and Nano-Zinc on Wheat Under Salt Stress Conditions Enhances Productivity and Reduces the Optimal Nitrogen Fertilizer Rate,35,2023,Ali M. Ali,Field,Zn,Foliar,Wheat,43.9,class B,100.0,ClassD,grains yield,Yield,3,3.16,0.474,3,4.621,0.69315,0.380039104,0.015,Stress,46.23417717288307,35,Salt,Abiotic
Foliar Spraying of Nano-Silicate and Nano-Zinc on Wheat Under Salt Stress Conditions Enhances Productivity and Reduces the Optimal Nitrogen Fertilizer Rate,35,2023,Ali M. Ali,Field,Zn,Foliar,Wheat,43.9,class B,100.0,ClassD,grains yield,Yield,3,0.608,0.0912,3,0.998,0.1497,0.495578394,0.015,Stress,64.14473678542659,35,Salt,Abiotic
Foliar Spraying of Nano-Silicate and Nano-Zinc on Wheat Under Salt Stress Conditions Enhances Productivity and Reduces the Optimal Nitrogen Fertilizer Rate,35,2023,Ali M. Ali,Field,Zn,Foliar,Wheat,43.9,class B,100.0,ClassD,grains yield,Yield,3,1.21,0.1815,3,1.801,0.27015,0.397721707,0.015,Stress,48.84297526835619,35,Salt,Abiotic
Foliar Spraying of Nano-Silicate and Nano-Zinc on Wheat Under Salt Stress Conditions Enhances Productivity and Reduces the Optimal Nitrogen Fertilizer Rate,35,2023,Ali M. Ali,Field,Zn,Foliar,Wheat,43.9,class B,100.0,ClassD,grains yield,Yield,3,1.702,0.2553,3,2.77,0.4155,0.48704329,0.015,Stress,62.749706220144574,35,Salt,Abiotic
Foliar Spraying of Nano-Silicate and Nano-Zinc on Wheat Under Salt Stress Conditions Enhances Productivity and Reduces the Optimal Nitrogen Fertilizer Rate,35,2023,Ali M. Ali,Field,Zn,Foliar,Wheat,43.9,class B,100.0,ClassD,grains yield,Yield,3,2.33,0.3495,3,3.354,0.5031,0.364285396,0.015,Stress,43.94849787949742,35,Salt,Abiotic
Foliar Spraying of Nano-Silicate and Nano-Zinc on Wheat Under Salt Stress Conditions Enhances Productivity and Reduces the Optimal Nitrogen Fertilizer Rate,35,2023,Ali M. Ali,Field,Zn,Foliar,Wheat,43.9,class B,100.0,ClassD,grains yield,Yield,3,2.745,0.41175,3,4.059,0.60885,0.391155563,0.015,Stress,47.868852474503186,35,Salt,Abiotic
Foliar Spraying of Nano-Silicate and Nano-Zinc on Wheat Under Salt Stress Conditions Enhances Productivity and Reduces the Optimal Nitrogen Fertilizer Rate,35,2023,Ali M. Ali,Field,Zn,Foliar,Wheat,43.9,class B,100.0,ClassD,grains yield,Yield,3,2.814,0.4221,3,4.1,0.615,0.376380015,0.015,Stress,45.700071070573365,35,Salt,Abiotic
Foliar Spraying of Nano-Silicate and Nano-Zinc on Wheat Under Salt Stress Conditions Enhances Productivity and Reduces the Optimal Nitrogen Fertilizer Rate,35,2023,Ali M. Ali,Field,Si,Foliar,Wheat,48.9,class B,1000.0,ClassF,grains yield,Yield,3,0.741,0.11115,3,1.449,0.21735,0.670628317,0.015,Stress,95.54655869964388,35,Salt,Abiotic
Foliar Spraying of Nano-Silicate and Nano-Zinc on Wheat Under Salt Stress Conditions Enhances Productivity and Reduces the Optimal Nitrogen Fertilizer Rate,35,2023,Ali M. Ali,Field,Si,Foliar,Wheat,48.9,class B,1000.0,ClassF,grains yield,Yield,3,1.424,0.2136,3,2.522,0.3783,0.571582425,0.015,Stress,77.10674165221039,35,Salt,Abiotic
Foliar Spraying of Nano-Silicate and Nano-Zinc on Wheat Under Salt Stress Conditions Enhances Productivity and Reduces the Optimal Nitrogen Fertilizer Rate,35,2023,Ali M. Ali,Field,Si,Foliar,Wheat,48.9,class B,1000.0,ClassF,grains yield,Yield,3,1.956,0.2934,3,3.556,0.5334,0.597734746,0.015,Stress,81.79959099494889,35,Salt,Abiotic
Foliar Spraying of Nano-Silicate and Nano-Zinc on Wheat Under Salt Stress Conditions Enhances Productivity and Reduces the Optimal Nitrogen Fertilizer Rate,35,2023,Ali M. Ali,Field,Si,Foliar,Wheat,48.9,class B,1000.0,ClassF,grains yield,Yield,3,2.774,0.4161,3,4.641,0.69615,0.514639538,0.015,Stress,67.30353274331445,35,Salt,Abiotic
Foliar Spraying of Nano-Silicate and Nano-Zinc on Wheat Under Salt Stress Conditions Enhances Productivity and Reduces the Optimal Nitrogen Fertilizer Rate,35,2023,Ali M. Ali,Field,Si,Foliar,Wheat,48.9,class B,1000.0,ClassF,grains yield,Yield,3,3.155,0.47325,3,4.925,0.73875,0.445335779,0.015,Stress,56.101426365069315,35,Salt,Abiotic
Foliar Spraying of Nano-Silicate and Nano-Zinc on Wheat Under Salt Stress Conditions Enhances Productivity and Reduces the Optimal Nitrogen Fertilizer Rate,35,2023,Ali M. Ali,Field,Si,Foliar,Wheat,48.9,class B,1000.0,ClassF,grains yield,Yield,3,3.16,0.474,3,4.762,0.7143,0.41009572,0.015,Stress,50.696202461443704,35,Salt,Abiotic
Foliar Spraying of Nano-Silicate and Nano-Zinc on Wheat Under Salt Stress Conditions Enhances Productivity and Reduces the Optimal Nitrogen Fertilizer Rate,35,2023,Ali M. Ali,Field,Si,Foliar,Wheat,48.9,class B,1000.0,ClassF,grains yield,Yield,3,0.608,0.0912,3,1.304,0.1956,0.763016861,0.015,Stress,114.47368431338121,35,Salt,Abiotic
Foliar Spraying of Nano-Silicate and Nano-Zinc on Wheat Under Salt Stress Conditions Enhances Productivity and Reduces the Optimal Nitrogen Fertilizer Rate,35,2023,Ali M. Ali,Field,Si,Foliar,Wheat,48.9,class B,1000.0,ClassF,grains yield,Yield,3,1.21,0.1815,3,2.396,0.3594,0.683180321,0.015,Stress,98.0165289960042,35,Salt,Abiotic
Foliar Spraying of Nano-Silicate and Nano-Zinc on Wheat Under Salt Stress Conditions Enhances Productivity and Reduces the Optimal Nitrogen Fertilizer Rate,35,2023,Ali M. Ali,Field,Si,Foliar,Wheat,48.9,class B,1000.0,ClassF,grains yield,Yield,3,1.702,0.2553,3,3.2,0.48,0.63134678,0.015,Stress,88.01410112253846,35,Salt,Abiotic
Foliar Spraying of Nano-Silicate and Nano-Zinc on Wheat Under Salt Stress Conditions Enhances Productivity and Reduces the Optimal Nitrogen Fertilizer Rate,35,2023,Ali M. Ali,Field,Si,Foliar,Wheat,48.9,class B,1000.0,ClassF,grains yield,Yield,3,2.33,0.3495,3,3.898,0.5847,0.514595334,0.015,Stress,67.29613742140567,35,Salt,Abiotic
Foliar Spraying of Nano-Silicate and Nano-Zinc on Wheat Under Salt Stress Conditions Enhances Productivity and Reduces the Optimal Nitrogen Fertilizer Rate,35,2023,Ali M. Ali,Field,Si,Foliar,Wheat,48.9,class B,1000.0,ClassF,grains yield,Yield,3,2.745,0.41175,3,4.334,0.6501,0.456709828,0.015,Stress,57.88706737115896,35,Salt,Abiotic
Foliar Spraying of Nano-Silicate and Nano-Zinc on Wheat Under Salt Stress Conditions Enhances Productivity and Reduces the Optimal Nitrogen Fertilizer Rate,35,2023,Ali M. Ali,Field,Si,Foliar,Wheat,48.9,class B,1000.0,ClassF,grains yield,Yield,3,2.814,0.4221,3,4.352,0.6528,0.436028551,0.015,Stress,54.6552949752308,35,Salt,Abiotic
Effectiveness of nanomaterials and their counterparts in improving rice growth and yield under arsenic contamination,36,2024,Xiufen Li,Pot,Zn,Soil,Rice,137.0,class C,100.0,ClassD,thousands grams,Yield,4,21.91780822,3.493150685,4,20.97729579,1.268391679,-0.043858767,0.007264101,Stress,-4.291087950416261,36,Heavy_Metal,Abiotic
Effectiveness of nanomaterials and their counterparts in improving rice growth and yield under arsenic contamination,36,2024,Xiufen Li,Pot,Cu,Soil,Rice,22.0,class B,100.0,ClassD,thousands grams,Yield,4,21.91780822,3.493150685,4,18.87652207,1.942224759,-0.149380536,0.008996739,Stress,-13.875868079276266,36,Heavy_Metal,Abiotic
Effectiveness of nanomaterials and their counterparts in improving rice growth and yield under arsenic contamination,36,2024,Xiufen Li,Pot,Si,Soil,Rice,30.0,class B,500.0,ClassE,thousands grams,Yield,4,21.91780822,3.493150685,4,20.58092339,1.942224759,-0.062934869,0.008576529,Stress,-6.099536999191746,36,Heavy_Metal,Abiotic
Effectiveness of nanomaterials and their counterparts in improving rice growth and yield under arsenic contamination,36,2024,Xiufen Li,Pot,Zn,Soil,Rice,137.0,class C,100.0,ClassD,grain yield/plant,Yield,4,0.835978836,0.814814815,4,3.714285714,1.439153439,1.491338371,0.275034166,Stress,344.30379746886797,36,Heavy_Metal,Abiotic
Effectiveness of nanomaterials and their counterparts in improving rice growth and yield under arsenic contamination,36,2024,Xiufen Li,Pot,Cu,Soil,Rice,22.0,class B,100.0,ClassD,grain yield/plant,Yield,4,0.835978836,0.814814815,4,2.962962963,1.841269841,1.265341751,0.33404537,Stress,254.43037985237487,36,Heavy_Metal,Abiotic
Effectiveness of nanomaterials and their counterparts in improving rice growth and yield under arsenic contamination,36,2024,Xiufen Li,Pot,Si,Soil,Rice,30.0,class B,500.0,ClassE,grain yield/plant,Yield,4,0.835978836,0.814814815,4,1.407407407,0.835978836,0.520901275,0.325706537,Stress,68.35443025268432,36,Heavy_Metal,Abiotic
"Evaluation of efficacy of Phyto-synthesized iron
oxide nanoparticles in contributing drought
resilience in wheat",37,2022,Amardeep Singh,Field,Fe,Foliar,Wheat,42.6,class B,12.5,ClassA,grain yield/plant,Yield,3,8.50678733,0.633484163,3,9.864253394,0.633484163,0.1480531,0.003223243,Stress,15.957446813248687,37,Drought,Abiotic
"Evaluation of efficacy of Phyto-synthesized iron
oxide nanoparticles in contributing drought
resilience in wheat",37,2022,Amardeep Singh,Field,Fe,Foliar,Wheat,42.6,class B,25.0,ClassB,grain yield/plant,Yield,3,8.50678733,0.633484163,3,10.85972851,0.814479638,0.244196961,0.003723499,Stress,27.659574530377597,37,Drought,Abiotic
"Evaluation of efficacy of Phyto-synthesized iron
oxide nanoparticles in contributing drought
resilience in wheat",37,2022,Amardeep Singh,Field,Fe,Foliar,Wheat,42.6,class B,50.0,ClassC,grain yield/plant,Yield,3,8.50678733,0.633484163,3,12.12669683,1.719457014,0.354545018,0.008550065,Stress,42.553191534849354,37,Drought,Abiotic
"Evaluation of efficacy of Phyto-synthesized iron
oxide nanoparticles in contributing drought
resilience in wheat",37,2022,Amardeep Singh,Field,Fe,Foliar,Wheat,42.6,class B,75.0,ClassC,grain yield/plant,Yield,3,8.50678733,0.633484163,3,13.93665158,2.352941176,0.49365782,0.01134982,Stress,63.829787210512464,37,Drought,Abiotic
"Evaluation of efficacy of Phyto-synthesized iron
oxide nanoparticles in contributing drought
resilience in wheat",37,2022,Amardeep Singh,Field,Fe,Foliar,Wheat,42.6,class B,100.0,ClassD,grain yield/plant,Yield,3,8.50678733,0.633484163,3,16.01809955,1.628959276,0.63285495,0.005295784,Stress,88.29787228321588,37,Drought,Abiotic
"Evaluation of efficacy of Phyto-synthesized iron
oxide nanoparticles in contributing drought
resilience in wheat",37,2022,Amardeep Singh,Field,Fe,Foliar,Wheat,42.6,class B,12.5,ClassA,thousands grams,Yield,3,34.2081448,5.158371041,3,34.75113122,4.79638009,0.015748357,0.013929492,Stress,1.587301590538237,37,Drought,Abiotic
"Evaluation of efficacy of Phyto-synthesized iron
oxide nanoparticles in contributing drought
resilience in wheat",37,2022,Amardeep Singh,Field,Fe,Foliar,Wheat,42.6,class B,25.0,ClassB,thousands grams,Yield,3,34.2081448,5.158371041,3,37.1040724,1.628959276,0.081262964,0.00822205,Stress,8.465608457065077,37,Drought,Abiotic
"Evaluation of efficacy of Phyto-synthesized iron
oxide nanoparticles in contributing drought
resilience in wheat",37,2022,Amardeep Singh,Field,Fe,Foliar,Wheat,42.6,class B,50.0,ClassC,thousands grams,Yield,3,34.2081448,5.158371041,3,37.73755656,1.900452489,0.098192026,0.008424942,Stress,10.317460297689918,37,Drought,Abiotic
"Evaluation of efficacy of Phyto-synthesized iron
oxide nanoparticles in contributing drought
resilience in wheat",37,2022,Amardeep Singh,Field,Fe,Foliar,Wheat,42.6,class B,75.0,ClassC,thousands grams,Yield,3,34.2081448,5.158371041,3,37.73755656,1.628959276,0.098192026,0.008200661,Stress,10.317460297689918,37,Drought,Abiotic
"Evaluation of efficacy of Phyto-synthesized iron
oxide nanoparticles in contributing drought
resilience in wheat",37,2022,Amardeep Singh,Field,Fe,Foliar,Wheat,42.6,class B,100.0,ClassD,thousands grams,Yield,3,34.2081448,5.158371041,3,39.18552036,1.719457014,0.135843532,0.00822139,Stress,14.550264506403,37,Drought,Abiotic
"Evaluation of efficacy of Phyto-synthesized iron
oxide nanoparticles in contributing drought
resilience in wheat",37,2022,Amardeep Singh,Field,Fe,Foliar,Wheat,42.6,class B,12.5,ClassA,grain yield/plant,Yield,3,9.051094891,1.167883212,3,17.95620438,1.313868613,0.68504997,0.007334427,Stress,98.38709670925631,37,Drought,Abiotic
"Evaluation of efficacy of Phyto-synthesized iron
oxide nanoparticles in contributing drought
resilience in wheat",37,2022,Amardeep Singh,Field,Fe,Foliar,Wheat,42.6,class B,25.0,ClassB,grain yield/plant,Yield,3,9.051094891,1.167883212,3,15.47445255,1.532846715,0.536304709,0.008820511,Stress,70.9677419240332,37,Drought,Abiotic
"Evaluation of efficacy of Phyto-synthesized iron
oxide nanoparticles in contributing drought
resilience in wheat",37,2022,Amardeep Singh,Field,Fe,Foliar,Wheat,42.6,class B,50.0,ClassC,grain yield/plant,Yield,3,9.051094891,1.167883212,3,13.94160584,0.656934307,0.431991862,0.006289886,Stress,54.032257996496554,37,Drought,Abiotic
"Evaluation of efficacy of Phyto-synthesized iron
oxide nanoparticles in contributing drought
resilience in wheat",37,2022,Amardeep Singh,Field,Fe,Foliar,Wheat,42.6,class B,75.0,ClassC,grain yield/plant,Yield,3,9.051094891,1.167883212,3,12.40875912,1.167883212,0.315516871,0.008502485,Stress,37.096774132509495,37,Drought,Abiotic
"Evaluation of efficacy of Phyto-synthesized iron
oxide nanoparticles in contributing drought
resilience in wheat",37,2022,Amardeep Singh,Field,Fe,Foliar,Wheat,42.6,class B,100.0,ClassD,grain yield/plant,Yield,3,9.051094891,1.167883212,3,11.89781022,1.459854015,0.273468635,0.010568154,Stress,31.45161287670868,37,Drought,Abiotic
"Evaluation of efficacy of Phyto-synthesized iron
oxide nanoparticles in contributing drought
resilience in wheat",37,2022,Amardeep Singh,Field,Fe,Foliar,Wheat,42.6,class B,12.5,ClassA,thousands grams,Yield,3,36.27737226,0.802919708,3,37.95620438,0.875912409,0.045238786,0.000340802,Stress,4.627766654124943,37,Drought,Abiotic
"Evaluation of efficacy of Phyto-synthesized iron
oxide nanoparticles in contributing drought
resilience in wheat",37,2022,Amardeep Singh,Field,Fe,Foliar,Wheat,42.6,class B,25.0,ClassB,thousands grams,Yield,3,36.27737226,0.802919708,3,38.83211679,1.683221168,0.068053463,0.000789582,Stress,7.042253494899731,37,Drought,Abiotic
"Evaluation of efficacy of Phyto-synthesized iron
oxide nanoparticles in contributing drought
resilience in wheat",37,2022,Amardeep Singh,Field,Fe,Foliar,Wheat,42.6,class B,50.0,ClassC,thousands grams,Yield,3,36.27737226,0.802919708,3,40.87591241,1.673211679,0.119346758,0.000721816,Stress,12.676056379429168,37,Drought,Abiotic
"Evaluation of efficacy of Phyto-synthesized iron
oxide nanoparticles in contributing drought
resilience in wheat",37,2022,Amardeep Singh,Field,Fe,Foliar,Wheat,42.6,class B,75.0,ClassC,thousands grams,Yield,3,36.27737226,0.802919708,3,41.27737226,0.948905109,0.129120269,0.000339444,Stress,13.782696124773942,37,Drought,Abiotic
"Evaluation of efficacy of Phyto-synthesized iron
oxide nanoparticles in contributing drought
resilience in wheat",37,2022,Amardeep Singh,Field,Fe,Foliar,Wheat,42.6,class B,100.0,ClassD,thousands grams,Yield,3,36.27737226,0.802919708,3,45.47445255,1.02189781,0.225956493,0.000331616,Stress,25.352112714812147,37,Drought,Abiotic
